Monthly_Fee,Access_Days,Usage_Time,Content_Count,Customer_Inquiry,Target
11636,28,794,43,2,1
12868,20,670,29,1,1
9529,28,682,22,0,1
11632,20,764,37,1,1
16612,12,505,12,4,0
16284,14,214,17,3,0
14160,2,420,12,3,0
13399,24,1166,26,0,1
12594,17,618,48,1,1
8973,13,652,35,0,1
21552,8,490,17,2,0
10633,23,1099,39,2,1
11294,30,870,49,0,1
14626,27,541,48,1,1
14721,1,353,15,3,0
14281,2,201,9,2,0
14382,30,1296,30,1,1
11250,15,857,30,2,1
13151,20,960,18,0,1
11651,10,725,44,1,1
12641,24,1161,48,0,1
17306,11,150,15,4,0
13667,27,628,47,2,1
8137,14,860,23,1,1
11091,20,976,31,1,1
12741,30,1225,26,0,1
21045,10,358,12,4,0
15732,10,1039,26,1,1
11022,26,662,29,0,1
11693,5,327,5,2,0
10352,25,624,37,0,1
15260,4,287,6,1,0
16067,12,336,19,4,0
9716,20,1073,45,0,1
12767,24,595,29,2,1
11871,17,570,35,0,1
13563,23,718,22,0,1
11851,2,375,6,1,0
11231,19,928,31,2,1
15422,16,606,42,0,1
24456,13,462,15,4,0
14066,21,984,45,2,1
15728,10,362,14,4,0
16166,27,656,34,0,1
10304,30,639,46,0,1
10464,16,583,31,0,1
15811,29,715,20,2,1
10887,21,813,15,1,1
16002,29,523,18,0,1
13586,4,280,17,2,0
11613,19,831,25,2,1
7466,18,806,31,1,1
11951,24,266,21,1,1
12254,29,926,49,0,1
14918,19,1047,16,1,1
15971,28,685,24,2,1
19930,12,382,8,2,0
16081,13,220,18,5,0
12409,10,393,6,4,0
14683,18,1039,19,1,1
13246,29,581,19,1,1
7143,13,728,41,0,1
11611,10,1135,19,0,1
9110,25,832,22,0,1
11493,10,839,45,2,1
14450,22,779,47,2,1
13535,10,317,13,4,0
14870,21,880,49,0,1
15067,6,362,15,1,0
8754,13,1192,29,1,1
5697,11,862,16,0,1
15596,5,431,8,3,0
14762,8,228,14,3,0
9557,22,686,31,2,1
7748,23,826,34,2,1
10163,12,511,43,0,1
11513,27,657,19,1,1
14735,4,171,15,1,0
12471,24,907,24,1,1
10728,6,281,14,1,0
9410,26,883,15,0,1
14202,22,1101,48,1,1
12118,10,722,28,1,1
14045,8,208,18,4,0
10908,14,925,40,1,1
14679,18,907,35,1,1
12738,16,951,30,0,1
10301,16,560,24,2,1
11969,11,499,46,2,1
11401,28,852,34,1,1
11546,6,272,16,4,0
9050,27,728,48,0,1
11926,19,1089,45,1,1
12988,14,798,33,1,1
12082,25,1046,45,2,1
15367,14,975,44,2,1
13935,24,582,38,2,1
11981,25,622,47,1,1
15614,4,308,14,3,0
17297,4,269,8,2,0
10152,4,419,19,3,0
7435,26,1070,18,1,1
11246,30,919,40,1,1
8288,25,540,47,2,1
15195,18,707,47,0,1
11847,11,377,34,2,1
11516,20,858,22,0,1
14241,24,1358,22,2,1
13055,12,826,45,1,1
15543,9,233,16,5,0
11822,30,796,33,0,1
15584,10,446,12,2,0
7638,15,768,37,2,1
10274,23,923,38,2,1
11541,14,645,38,2,1
11712,14,653,23,0,1
8294,15,541,30,1,1
14288,5,281,8,3,0
11744,27,578,27,0,1
12093,28,1090,16,2,1
13001,11,713,26,0,1
10029,26,406,47,0,1
13140,10,572,37,2,1
13101,11,361,17,1,0
9758,22,930,44,2,1
13433,13,870,48,0,1
15729,14,635,23,1,1
13812,27,685,29,1,1
16716,1,226,19,4,0
10698,13,913,39,1,1
8005,22,823,46,2,1
15725,22,710,35,0,1
13662,14,198,12,1,0
15857,17,695,39,1,1
11160,13,801,16,1,1
9113,12,1068,45,0,1
9335,20,837,44,0,1
7790,21,732,29,0,1
11731,18,717,32,1,1
16014,24,1140,46,0,1
11645,22,964,28,1,1
12755,14,995,32,1,1
15438,14,949,49,1,1
10989,28,790,36,0,1
17088,20,1039,28,1,1
15239,12,149,13,3,0
11672,12,1110,48,0,1
10556,27,948,36,0,1
11704,14,195,8,5,0
11131,21,648,30,0,1
9108,18,986,30,1,1
15203,19,1029,32,2,1
18704,9,288,17,1,0
12388,29,665,32,2,1
8842,29,593,36,0,1
8926,22,909,44,1,1
12268,18,780,32,1,1
10750,19,1224,32,1,1
11147,28,493,15,2,1
14554,15,625,29,2,1
13832,16,802,19,0,1
15445,24,933,41,1,1
9523,28,923,31,0,1
11142,23,816,46,2,1
14117,12,350,5,2,0
13120,23,823,16,1,1
15830,29,1009,42,1,1
15695,14,422,6,1,0
18438,6,294,14,3,0
13350,12,937,36,0,1
14655,15,1114,25,1,1
10408,5,272,9,2,0
12035,23,848,36,2,1
14277,24,724,31,2,1
16032,27,910,45,0,1
9329,6,374,15,5,0
11792,18,730,28,2,1
15443,28,685,49,0,1
6520,18,731,37,1,1
14588,4,183,18,1,0
13704,15,1204,37,2,1
15622,13,148,11,5,0
13513,12,895,34,2,1
12161,14,541,39,2,1
13427,16,551,33,2,1
9963,10,827,40,2,1
13426,30,938,46,2,1
14486,13,584,35,0,1
15051,25,578,23,2,1
17033,23,541,33,2,1
18211,8,274,13,2,0
12684,13,590,32,1,1
8192,19,1057,20,2,1
10671,20,569,49,1,1
11517,16,908,28,0,1
14625,13,1108,23,2,1
10472,10,813,49,0,1
13990,10,441,16,0,1
11995,26,880,20,2,1
11557,19,750,49,0,1
12622,14,791,39,2,1
15934,13,356,12,2,0
10443,3,301,5,5,0
7738,11,902,21,1,1
11380,18,667,42,1,1
14715,5,468,16,3,0
13455,1,319,19,1,0
13042,20,827,38,1,1
14818,8,629,11,3,0
18383,6,155,15,3,0
14488,30,1126,43,1,1
13438,13,568,15,2,1
11262,22,701,44,1,1
10842,10,1091,46,2,1
12782,27,1198,24,1,1
13434,13,747,48,2,1
15494,13,854,25,1,1
14977,17,870,41,0,1
10646,29,846,24,0,1
11744,15,849,36,2,1
13677,13,1072,38,2,1
14669,13,439,22,0,1
13701,3,292,9,1,0
11840,18,927,18,1,1
8864,23,700,19,1,1
9502,13,857,20,1,1
12681,22,1017,46,1,1
12855,15,1120,34,1,1
9253,22,855,28,1,1
12111,12,1097,33,1,1
13578,16,828,25,2,1
9121,10,739,15,0,1
14762,20,491,49,1,1
11056,11,599,33,1,1
14972,14,272,12,2,0
10666,23,805,46,2,1
9433,22,845,38,0,1
13971,5,299,7,1,0
11762,24,950,21,2,1
13472,6,287,18,1,0
11459,15,1165,28,1,1
12834,18,728,40,1,1
11572,12,698,15,1,1
11834,22,1044,27,1,1
22047,3,348,19,2,0
12979,16,791,34,0,1
11776,14,787,21,0,1
16025,17,765,20,2,1
9651,17,779,23,1,1
7479,16,799,42,2,1
13545,28,740,24,0,1
12866,16,911,49,0,1
9478,13,949,21,0,1
8175,19,687,39,0,1
18291,2,212,11,2,0
15535,13,545,40,1,1
5781,28,900,26,1,1
10854,19,910,27,2,1
16160,16,783,18,1,1
11729,1,335,12,1,0
10773,12,753,20,1,1
11293,11,698,16,1,1
15331,14,300,18,3,0
7738,19,690,32,1,1
14631,22,1027,43,2,1
7392,16,379,47,0,1
12618,19,773,17,0,1
14216,13,419,34,2,1
8371,29,587,18,1,1
9689,25,684,32,0,1
15032,29,1067,22,2,1
13332,15,1030,36,2,1
10456,18,814,36,1,1
15005,22,812,33,1,1
15016,16,1007,42,2,1
12672,27,1026,16,1,1
9749,23,685,23,2,1
10966,14,934,49,1,1
12715,22,608,36,1,1
11528,17,722,40,2,1
14347,24,918,48,2,1
8175,28,668,21,1,1
8264,18,729,44,2,1
16559,9,370,13,2,0
10771,23,890,23,1,1
16259,9,368,16,1,0
7579,18,635,15,0,1
12048,26,1071,47,0,1
11868,22,662,22,2,1
13633,26,950,46,1,1
13167,4,410,13,1,0
16513,2,352,17,4,0
14942,18,750,40,2,1
8718,10,714,17,1,1
19305,1,377,6,3,0
7822,14,447,49,1,1
9904,17,954,21,0,1
8968,27,935,29,0,1
13954,13,895,18,0,1
17676,1,439,7,3,0
13230,7,275,18,5,0
9233,29,925,49,1,1
11250,13,1057,39,0,1
10091,18,859,23,2,1
12958,29,838,47,0,1
9522,19,664,31,0,1
15324,24,875,26,0,1
7811,12,752,23,1,1
9983,11,654,19,1,1
16193,14,568,40,2,1
10912,10,610,33,1,1
11725,14,273,11,5,0
15701,11,280,6,2,0
10811,12,741,21,2,1
9910,25,1061,23,2,1
9260,23,513,36,0,1
18920,21,889,47,1,1
12336,9,279,12,1,0
17992,13,312,7,3,0
15734,30,924,22,1,1
13527,17,762,44,0,1
10083,26,959,40,0,1
9667,26,586,49,2,1
13683,16,1177,31,1,1
11382,24,1087,24,2,1
7185,18,354,31,1,1
16468,13,1034,21,0,1
10915,17,684,16,2,1
15738,19,1086,25,0,1
15196,24,1001,17,0,1
9497,27,582,34,2,1
14582,23,915,27,2,1
8934,12,253,13,4,0
14696,4,311,11,2,0
13204,9,368,8,1,0
12100,8,426,16,5,0
10843,20,532,49,0,1
11232,21,846,49,0,1
14858,12,892,48,0,1
10464,4,148,17,4,0
9891,24,645,30,0,1
13755,14,703,37,0,1
12662,7,207,14,4,0
5695,13,947,28,2,1
13070,14,368,17,2,1
12979,25,990,21,1,1
12050,24,784,25,1,1
16816,8,208,9,4,0
10319,13,923,33,2,1
12841,15,823,37,1,1
8082,27,721,37,1,1
13017,12,1021,43,2,1
16882,14,456,20,1,1
10418,6,435,11,4,0
11834,4,300,6,4,0
10224,15,734,40,2,1
12046,7,406,17,4,0
9342,27,1245,32,1,1
13053,15,836,35,2,1
14117,22,529,39,0,1
13335,22,970,34,0,1
7578,10,792,38,2,1
14487,25,587,17,0,1
14343,13,843,36,1,1
14075,26,538,22,2,1
12932,27,839,43,0,1
12550,25,615,21,1,1
14580,10,406,20,2,1
15133,5,238,8,4,0
9762,3,426,16,5,0
16484,10,250,14,4,0
16150,5,232,11,5,0
13772,12,369,12,3,0
8158,23,497,33,1,1
11617,7,484,12,1,0
9506,29,677,27,1,1
10840,17,778,39,2,1
13990,9,279,13,1,0
10877,14,832,44,0,1
10984,13,973,35,0,1
18660,12,322,12,4,0
7963,29,487,21,0,1
8386,30,705,17,0,1
12904,12,914,17,0,1
10006,25,853,32,1,1
14686,19,1009,23,2,1
12563,24,723,38,0,1
13794,9,273,10,4,0
15526,10,648,47,1,1
11225,24,1012,39,0,1
10563,19,808,48,1,1
14179,29,1080,35,0,1
13273,27,1082,32,2,1
11531,25,543,47,0,1
15478,30,1112,42,2,1
11469,18,986,39,1,1
12081,28,768,28,1,1
12053,26,968,34,0,1
9663,19,698,34,1,1
12193,28,1072,21,1,1
20845,12,255,13,2,0
13112,28,977,45,0,1
12077,14,673,44,0,1
11595,11,856,35,2,1
12827,24,977,15,2,1
13874,26,861,17,2,1
13523,19,912,27,0,1
13317,9,210,9,2,0
12811,30,860,20,0,1
15142,8,448,14,2,0
9482,18,796,48,1,1
12420,11,701,46,0,1
6596,27,759,30,0,1
13206,21,449,22,0,1
13650,24,805,35,1,1
13868,30,778,25,1,1
11012,29,496,37,0,1
12772,15,868,20,2,1
15559,27,965,29,0,1
15534,22,863,25,0,1
11927,13,957,41,1,1
12348,21,694,29,1,1
13210,10,370,6,3,0
8247,11,814,28,2,1
13423,6,296,8,5,0
15338,10,330,43,0,1
14438,13,615,26,2,1
12923,24,1000,34,0,1
8235,29,643,16,0,1
13361,8,366,12,5,0
11723,11,215,6,2,0
12827,24,531,44,2,1
9976,12,1116,32,1,1
16938,5,127,7,4,0
7885,11,268,8,2,0
15054,22,929,19,2,1
15885,6,311,15,3,0
12392,29,811,49,1,1
11994,16,1081,26,1,1
15528,10,206,16,5,0
12999,5,267,9,3,0
9486,27,731,17,0,1
10192,21,813,28,1,1
12916,27,860,34,2,1
10010,21,731,18,1,1
16366,29,596,40,2,1
14567,18,890,29,2,1
14020,11,1024,23,2,1
11700,23,925,17,0,1
17459,4,339,10,2,0
11454,24,708,44,1,1
11921,26,937,31,0,1
12424,28,871,17,2,1
13754,15,972,23,0,1
12297,12,199,13,5,0
10812,26,919,23,0,1
18240,9,260,14,4,0
13599,14,939,38,0,1
16461,12,291,13,4,0
18215,11,131,14,1,0
12362,4,362,19,1,0
11481,11,1501,32,0,1
13558,28,930,38,0,1
16513,14,583,41,0,1
9005,13,526,42,1,1
10933,14,450,21,1,1
11026,28,572,48,0,1
15389,22,630,41,1,1
11912,25,604,48,0,1
9731,21,706,33,1,1
11824,3,200,16,4,0
10988,25,760,44,1,1
15601,1,113,10,2,0
9768,10,586,26,0,1
16335,29,723,29,1,1
12960,30,612,29,2,1
13947,1,333,6,4,0
11375,18,763,15,0,1
12730,28,1154,21,2,1
12700,23,665,23,0,1
12730,21,592,15,2,1
12287,13,859,19,2,1
14171,16,764,24,0,1
12057,26,900,16,1,1
9555,10,787,37,0,1
10468,23,771,43,0,1
15307,14,312,11,5,0
17067,21,746,34,1,1
14156,21,494,26,2,1
9924,15,1039,25,2,1
11295,22,1053,49,1,1
10407,25,987,21,0,1
15856,23,708,37,1,1
17087,8,190,15,4,0
12286,25,899,16,1,1
11728,18,609,19,0,1
14067,23,1027,35,0,1
16500,1,324,5,5,0
7604,21,709,25,1,1
11372,12,587,38,1,1
9569,23,1049,47,0,1
12198,28,1014,41,1,1
15585,20,912,49,0,1
7651,14,1183,32,2,1
9999,22,802,35,2,1
15299,3,160,14,3,0
11045,16,480,46,0,1
13850,26,735,25,0,1
11566,25,822,17,1,1
13039,17,616,35,2,1
10435,26,851,28,0,1
12574,22,406,20,2,1
13944,20,900,43,2,1
10169,29,713,45,2,1
11528,2,89,14,2,0
11000,2,303,19,2,0
14613,15,1092,33,0,1
11496,29,978,17,0,1
12953,23,637,26,1,1
20548,4,266,9,1,0
11759,13,748,26,1,1
12647,16,1025,38,1,1
13342,20,844,15,0,1
8876,29,505,42,1,1
15584,11,751,30,0,1
7350,13,634,35,2,1
10287,16,644,44,0,1
11764,10,735,48,2,1
15969,4,300,15,3,0
15940,29,981,49,2,1
7354,17,694,45,1,1
10730,14,1042,30,0,1
6682,23,459,43,0,1
12079,27,632,43,1,1
12679,12,1209,23,0,1
15976,11,571,28,2,1
12301,25,1050,22,2,1
14610,23,794,16,2,1
13459,25,785,25,1,1
15857,1,189,11,4,0
8477,26,959,32,2,1
12687,12,1066,19,2,1
8269,14,750,21,2,1
15238,12,828,37,2,1
11594,24,749,33,2,1
14987,14,577,33,1,1
17643,9,394,15,1,0
12672,15,767,42,1,1
12523,23,425,25,1,1
11887,11,1021,25,1,1
10918,27,829,23,2,1
12981,15,659,28,2,1
9684,14,866,48,1,1
8976,23,695,43,1,1
15107,26,840,35,2,1
13817,20,1077,19,0,1
8490,1,356,9,1,0
11417,7,517,12,5,0
11330,18,593,17,2,1
15306,29,657,28,1,1
12438,21,962,32,0,1
9438,10,788,26,1,1
14357,9,459,14,2,0
16138,1,253,19,1,0
11697,11,613,30,0,1
13817,10,919,34,2,1
10990,10,638,34,1,1
14072,10,718,29,2,1
6022,21,555,39,0,1
9450,16,612,31,0,1
14448,13,979,26,0,1
11375,30,1009,21,2,1
12518,29,1018,22,2,1
8633,13,1018,38,0,1
16619,24,729,39,2,1
14976,10,933,35,2,1
16045,4,338,16,3,0
10988,23,625,24,0,1
14574,23,838,36,1,1
16956,19,774,33,0,1
14384,16,425,43,2,1
17429,21,865,17,1,1
9694,28,657,18,2,1
9951,18,1010,45,1,1
9027,12,647,20,2,1
13104,13,865,42,1,1
14840,11,278,9,3,0
13347,9,156,10,2,0
15504,3,299,11,1,0
17835,11,153,14,5,0
16502,11,323,6,3,0
10507,28,803,49,1,1
17227,2,278,5,2,0
10830,14,907,48,0,1
10004,14,914,34,0,1
14546,14,923,30,2,1
8776,18,745,44,2,1
17298,9,268,11,4,0
11879,13,379,6,3,0
20835,8,315,17,1,0
9536,13,86,10,2,0
10577,15,923,37,2,1
16110,12,248,13,4,0
16752,8,314,18,5,0
14698,8,303,12,3,0
13865,14,1065,38,2,1
10431,26,798,42,2,1
6866,19,875,35,0,1
12901,23,1051,19,0,1
12180,27,798,40,2,1
17618,7,139,7,5,0
11433,11,822,47,1,1
10923,13,688,40,2,1
14098,10,206,10,1,0
8319,25,960,34,2,1
13834,14,748,16,1,1
13387,6,224,10,3,0
11160,26,850,19,1,1
11207,20,853,46,0,1
9991,14,1190,25,2,1
12311,8,285,6,2,0
15476,13,1013,36,2,1
13175,16,929,17,2,1
12258,19,682,23,1,1
9533,13,869,16,0,1
13292,29,767,42,0,1
17390,14,662,48,1,1
11048,14,696,24,1,1
13210,4,421,13,5,0
10597,28,798,43,1,1
10776,14,799,16,2,1
5136,30,690,20,2,1
13012,17,758,21,1,1
9886,16,424,22,2,1
11469,1,326,18,5,0
13882,22,741,24,0,1
9294,14,1134,47,2,1
11153,27,926,41,0,1
15666,18,604,43,2,1
8476,11,1122,33,0,1
14982,11,334,5,1,0
12673,23,573,37,0,1
14873,26,784,15,0,1
8064,15,997,17,1,1
18064,3,471,17,5,0
13452,26,592,21,1,1
6852,22,1161,40,2,1
13996,15,859,30,1,1
14191,17,705,46,2,1
11220,15,778,26,1,1
16637,3,447,18,4,0
14841,15,761,22,0,1
12257,26,1069,25,1,1
10871,30,819,47,0,1
9567,12,932,39,0,1
18873,6,329,17,3,0
13424,15,792,45,2,1
11189,30,978,33,1,1
6506,16,982,29,0,1
15171,20,473,49,0,1
12475,18,796,16,1,1
11050,25,1209,48,1,1
14142,14,710,39,1,1
15811,24,890,18,1,1
13964,9,409,12,3,0
16467,2,245,14,4,0
8433,14,725,29,1,1
12483,11,444,5,5,0
15203,12,552,5,3,0
13589,13,876,21,0,1
19325,6,313,16,3,0
7316,11,1114,22,0,1
15167,7,298,10,5,0
13017,16,569,32,0,1
14538,26,623,31,1,1
9070,17,647,32,1,1
14950,14,169,11,5,0
10380,19,1269,27,2,1
12906,20,785,25,2,1
10725,10,1074,21,0,1
12455,24,777,41,2,1
14229,17,567,19,0,1
16068,14,221,6,4,0
10300,21,654,24,2,1
12462,15,775,40,2,1
18003,19,881,29,0,1
9842,14,668,30,0,1
17100,16,958,43,2,1
17011,16,1009,42,0,1
13382,11,426,5,4,0
11254,24,983,18,0,1
10269,15,411,28,1,1
11829,25,328,47,2,1
8483,16,966,32,0,1
16569,4,444,18,5,0
15742,11,1240,24,1,1
10472,17,781,35,1,1
11398,21,599,47,1,1
17441,5,364,11,3,0
12935,15,931,23,2,1
12661,29,1109,40,2,1
19167,8,301,10,3,0
11457,25,872,35,2,1
19848,8,332,17,5,0
10821,4,453,8,4,0
11927,22,948,30,2,1
12787,13,708,49,2,1
12537,29,600,19,0,1
14808,19,522,40,0,1
13692,29,836,40,1,1
12482,25,812,19,0,1
15796,26,703,38,1,1
13050,17,665,29,0,1
15262,20,953,44,0,1
13517,14,303,19,2,1
7395,30,926,36,0,1
15262,25,893,47,2,1
12337,17,553,19,0,1
19445,10,321,12,1,0
12703,25,917,37,0,1
11137,13,565,24,2,1
13586,8,542,8,5,0
17155,14,197,19,2,0
15185,17,885,22,2,1
11716,18,779,20,0,1
11043,22,756,21,2,1
12431,14,306,16,1,0
12671,18,742,31,0,1
12467,22,708,37,2,1
10105,4,278,10,5,0
16440,1,150,12,5,0
7997,19,826,41,2,1
13563,14,957,39,1,1
15711,16,711,39,2,1
9434,20,920,35,0,1
15973,18,801,39,1,1
12709,19,919,21,1,1
11982,20,784,49,0,1
11006,12,1155,20,1,1
8538,17,311,29,2,1
14469,26,925,38,2,1
10060,16,971,18,1,1
10050,21,546,21,0,1
14479,25,1164,44,2,1
7292,24,804,31,2,1
8191,30,775,44,1,1
11954,22,874,23,0,1
12733,27,977,33,2,1
13211,27,826,27,0,1
11245,14,820,33,1,1
17853,1,374,11,4,0
11430,20,993,26,2,1
11423,12,867,29,0,1
10007,26,490,17,0,1
16530,9,375,11,2,0
13537,12,1016,20,1,1
15008,11,744,42,1,1
8276,13,680,22,1,1
11385,27,887,45,1,1
13116,29,863,35,2,1
16998,3,393,15,3,0
12016,23,948,29,0,1
13356,17,546,38,2,1
9977,11,453,35,2,1
19220,13,336,19,3,0
14481,19,575,45,0,1
8637,14,504,48,2,1
9312,20,734,42,0,1
9382,18,794,46,0,1
13694,25,704,36,2,1
16228,12,341,14,3,0
11172,24,515,23,2,1
15243,4,314,5,2,0
11834,18,494,15,0,1
12647,29,804,36,0,1
18552,5,279,10,4,0
13487,24,929,22,1,1
10466,18,845,33,2,1
11188,13,582,15,1,1
12594,30,717,38,1,1
12257,30,659,31,1,1
12059,13,485,46,0,1
10123,29,887,28,1,1
11251,30,648,31,2,1
15631,8,286,9,4,0
8562,24,777,47,0,1
10843,26,572,44,1,1
12969,27,559,48,1,1
8806,16,732,42,1,1
14891,28,537,38,1,1
11861,2,297,18,1,0
8887,22,1068,48,1,1
15394,11,956,15,2,1
11641,29,869,36,1,1
12627,12,377,16,4,0
10758,14,590,32,2,1
14307,15,965,26,1,1
13015,12,1074,24,0,1
9964,10,732,16,2,1
9086,12,792,16,2,1
8349,12,638,20,0,1
16244,13,370,11,4,0
13431,16,548,42,1,1
13627,24,742,17,2,1
11705,20,886,39,2,1
9107,27,865,37,0,1
10294,21,850,27,2,1
14880,13,311,38,1,1
10788,20,809,17,2,1
14231,12,372,17,1,0
9310,28,798,40,0,1
12841,27,1027,34,0,1
13395,7,107,16,1,0
14616,12,879,15,1,1
13933,26,599,24,0,1
10760,10,917,24,0,1
11683,11,957,15,1,1
10622,28,657,46,0,1
11190,14,363,14,2,0
9856,17,709,41,0,1
12495,21,600,27,1,1
16152,5,164,19,5,0
12371,16,702,42,1,1
11245,30,943,39,1,1
14332,25,487,16,1,1
12158,16,634,46,1,1
13758,29,647,46,0,1
7565,30,855,20,0,1
5000,21,384,45,0,1
12709,26,745,23,0,1
8438,20,727,30,2,1
11468,13,872,39,0,1
8039,2,342,17,3,0
17347,13,136,10,3,0
12999,11,348,45,0,1
12414,26,645,37,0,1
14092,18,546,45,2,1
12921,10,558,40,0,1
10855,19,653,18,1,1
14678,24,963,29,1,1
9927,3,230,7,4,0
12808,24,429,19,1,1
23265,1,289,6,1,0
12509,11,744,44,1,1
17192,8,453,12,5,0
16191,13,668,17,0,1
8729,9,358,7,3,0
10497,18,843,32,0,1
14056,11,625,25,2,1
12838,11,1000,25,2,1
14656,8,248,5,3,0
9609,26,995,39,1,1
10522,18,852,15,0,1
15112,17,547,40,0,1
11871,11,409,44,1,1
9151,14,238,15,3,0
8848,8,285,9,5,0
9042,21,780,33,1,1
14334,25,679,33,2,1
14827,5,308,16,4,0
17764,29,785,15,1,1
9461,11,523,39,0,1
14056,17,747,27,2,1
8721,13,1024,24,2,1
12393,29,625,32,0,1
14441,18,487,36,2,1
19281,8,311,12,3,0
13741,8,375,6,3,0
10591,11,460,22,1,1
10245,25,610,38,0,1
12963,20,844,34,2,1
14801,17,877,36,0,1
11666,21,868,23,0,1
12513,12,584,33,0,1
18961,13,456,14,5,0
12376,5,264,16,2,0
9276,22,886,24,1,1
14771,17,579,15,1,1
14525,8,214,12,2,0
12987,30,856,31,2,1
9983,18,909,31,2,1
10851,20,590,16,2,1
14812,1,185,17,3,0
15723,1,150,16,5,0
7779,16,983,44,1,1
17393,3,292,9,1,0
13306,24,835,39,0,1
10367,18,540,31,2,1
17606,12,213,14,5,0
9963,20,886,32,2,1
10861,16,897,32,2,1
11115,21,646,49,0,1
17413,28,430,24,2,1
14636,27,858,37,2,1
14561,22,714,36,2,1
14921,20,714,23,1,1
9502,10,609,46,1,1
8944,15,783,40,2,1
12580,2,452,13,3,0
15227,4,336,16,5,0
10632,22,390,43,1,1
14575,7,339,13,4,0
18499,4,415,5,5,0
11403,18,353,22,0,1
12671,28,649,39,0,1
12627,10,1268,41,0,1
9929,17,738,20,0,1
13714,23,933,27,1,1
10402,25,457,25,1,1
11609,13,934,20,0,1
13716,27,718,19,1,1
10395,23,851,21,2,1
10576,18,905,33,2,1
13479,24,691,20,2,1
9855,12,891,39,2,1
11038,13,569,23,2,1
13389,27,804,34,0,1
17135,23,898,39,1,1
13513,24,686,22,0,1
12521,6,342,18,5,0
13327,19,702,36,0,1
9317,21,1012,18,1,1
12288,30,981,15,2,1
11925,18,946,47,0,1
12803,17,1101,38,1,1
14891,11,291,8,3,0
12949,18,835,49,1,1
11221,22,401,40,0,1
12146,23,617,40,2,1
8930,14,902,19,1,1
11266,6,272,16,1,0
15477,25,541,39,2,1
12797,28,781,35,2,1
11947,16,1231,38,1,1
10979,5,205,17,4,0
8597,11,1088,18,1,1
12955,13,126,14,3,0
16281,27,912,47,2,1
17981,12,311,19,4,0
11393,20,478,34,1,1
9001,11,944,49,2,1
13119,23,861,21,1,1
13361,13,812,41,2,1
9263,16,534,19,1,1
11649,11,728,15,2,1
19828,1,356,19,4,0
15682,1,140,6,4,0
9201,16,845,22,0,1
15129,18,941,44,1,1
14289,17,857,42,0,1
11092,18,838,40,0,1
11458,16,822,48,1,1
11807,7,300,19,4,0
10054,26,633,36,2,1
10891,22,809,34,1,1
11324,20,949,28,0,1
16032,27,776,37,2,1
16811,3,430,17,5,0
13824,10,186,18,5,0
12924,19,609,28,0,1
11917,12,231,15,1,0
11896,13,1378,15,1,1
14426,20,624,33,2,1
8854,30,792,29,1,1
13591,17,782,39,2,1
17806,18,1082,15,1,1
14654,25,885,45,2,1
15535,19,884,36,0,1
12545,18,834,34,1,1
14419,12,855,19,0,1
10205,11,864,29,1,1
13989,18,674,16,1,1
13635,22,616,26,1,1
12724,15,811,21,2,1
18187,3,185,14,3,0
10653,23,836,22,0,1
11532,20,584,23,0,1
18878,5,302,5,2,0
9425,12,544,42,0,1
12567,14,785,29,1,1
7702,16,476,33,1,1
14617,20,1189,44,1,1
16342,10,185,10,3,0
13496,2,360,5,1,0
9914,28,726,44,2,1
11413,22,703,15,1,1
13720,13,859,39,1,1
13369,23,919,49,2,1
10236,21,859,40,0,1
9884,11,537,27,2,1
13642,17,762,33,2,1
10194,28,906,24,0,1
12149,22,327,21,1,1
12309,30,578,29,0,1
12780,30,905,37,0,1
18689,6,281,15,3,0
8842,14,737,22,1,1
10799,1,390,11,5,0
10581,20,789,48,1,1
16503,22,705,47,2,1
15248,9,183,11,5,0
16577,28,744,30,0,1
11517,25,633,25,0,1
7544,14,755,41,2,1
6142,23,572,36,0,1
10464,28,733,33,2,1
11504,14,696,20,0,1
15251,30,846,34,1,1
14169,18,1102,17,2,1
12568,21,851,15,0,1
9775,25,820,37,2,1
9598,28,846,17,2,1
12635,24,627,48,0,1
10832,12,105,7,1,0
12979,24,881,41,2,1
9413,12,791,37,2,1
14845,6,289,9,5,0
13064,22,865,29,1,1
9323,18,865,40,1,1
11910,12,351,18,5,0
13721,25,648,21,2,1
11413,28,1062,22,1,1
15972,23,479,19,2,1
13252,17,932,31,0,1
10783,28,833,37,1,1
11974,12,607,16,0,1
12158,30,1005,41,1,1
10179,27,437,35,1,1
9718,25,1125,21,0,1
13753,23,1251,40,0,1
11974,12,10,17,4,0
13509,26,594,26,0,1
15788,29,684,25,2,1
10878,9,69,9,4,0
19135,7,259,10,5,0
9747,20,212,30,1,1
9468,13,876,29,1,1
7600,23,978,29,1,1
11406,1,322,11,5,0
10740,13,934,18,1,1
13314,10,1120,46,2,1
12609,23,757,36,0,1
9017,16,1143,49,2,1
11018,19,769,28,1,1
11071,11,1025,44,1,1
7560,19,771,45,1,1
9547,12,1207,24,2,1
22176,11,304,10,5,0
15584,17,780,41,2,1
17049,11,206,5,3,0
13655,17,841,24,0,1
8253,23,636,30,0,1
14985,27,888,38,1,1
15252,18,931,35,2,1
7004,18,1008,37,1,1
10236,13,907,35,0,1
13239,12,816,46,0,1
13610,23,1064,31,1,1
10303,23,1088,31,1,1
11236,30,589,35,1,1
10506,25,1152,18,2,1
12276,14,1045,37,1,1
14992,29,629,39,0,1
10072,24,424,46,0,1
14502,30,1040,20,2,1
10045,18,841,28,1,1
9880,16,708,30,2,1
14575,10,179,6,1,0
14304,17,1037,30,0,1
14128,21,393,33,1,1
8710,13,825,35,1,1
10835,25,811,29,0,1
15229,9,354,18,1,0
13464,13,299,14,4,0
9315,10,963,29,1,1
13145,23,711,27,2,1
10212,18,933,41,1,1
16486,27,702,37,2,1
15862,15,778,48,1,1
13510,24,914,48,1,1
15402,25,817,37,1,1
10201,10,392,8,1,0
13913,28,1062,23,2,1
15694,14,727,34,1,1
12613,23,592,28,0,1
11362,16,618,40,0,1
7738,13,575,41,1,1
15043,5,188,14,5,0
14058,10,930,43,0,1
14364,13,1014,46,0,1
13260,23,978,19,0,1
10646,25,760,18,1,1
7057,16,1125,37,0,1
10761,19,661,35,2,1
11239,19,1202,47,2,1
12939,3,223,7,5,0
13546,21,1157,30,0,1
16149,11,239,5,2,0
12308,22,713,33,2,1
11458,30,479,40,0,1
14488,7,257,9,4,0
12310,17,850,49,1,1
9929,25,1203,32,1,1
12300,14,703,21,1,1
13127,16,1067,46,0,1
14933,6,413,5,1,0
13143,30,781,30,1,1
13084,11,742,38,2,1
7570,11,630,18,2,1
16053,2,167,7,4,0
10322,19,842,48,1,1
9260,29,485,33,2,1
9238,18,297,28,1,1
13083,27,737,27,0,1
11443,15,1032,36,1,1
7795,29,844,45,2,1
14584,13,371,14,2,0
8400,19,445,37,2,1
12349,18,1030,26,2,1
18140,4,245,17,5,0
14213,12,951,22,0,1
16454,21,913,38,1,1
8588,20,1126,17,2,1
11868,23,674,28,0,1
11309,28,987,25,0,1
13084,19,1079,42,0,1
14938,8,426,10,2,0
11118,14,826,32,0,1
10897,18,791,34,2,1
9208,10,587,47,0,1
14469,24,852,16,0,1
13148,13,566,40,2,1
15602,1,186,11,3,0
11224,15,1234,17,2,1
10357,24,759,34,0,1
18111,11,325,13,1,0
12897,16,1083,35,1,1
9400,29,1051,23,2,1
16621,12,676,16,2,1
8730,30,937,42,1,1
12684,22,209,17,1,1
15917,11,599,30,2,1
13497,12,1013,18,2,1
12439,22,697,37,2,1
9578,18,759,44,1,1
8545,28,615,27,1,1
13925,27,583,20,1,1
15765,14,300,24,2,1
10902,19,727,31,0,1
9152,23,893,22,1,1
5854,30,849,23,0,1
9548,26,633,48,0,1
11715,12,514,31,1,1
15997,16,725,36,1,1
13682,18,534,17,1,1
12762,14,646,43,2,1
12699,7,353,16,1,0
10542,12,625,17,0,1
15514,22,1057,33,0,1
16505,2,269,10,5,0
6743,16,679,28,2,1
15234,11,493,19,1,0
9854,19,938,16,1,1
10634,10,903,24,2,1
11910,8,334,18,3,0
11731,30,916,16,0,1
11807,30,958,41,2,1
15283,10,888,15,2,1
13558,8,370,18,4,0
16660,11,915,36,2,1
10321,21,784,49,0,1
12222,22,880,48,2,1
11296,23,814,32,1,1
12308,14,497,17,0,1
13111,12,683,30,1,1
13084,26,1216,25,2,1
10117,10,412,24,2,1
17450,13,294,13,5,0
18257,15,925,39,2,1
10790,26,806,49,2,1
13748,13,463,20,1,1
7980,15,799,22,0,1
11300,10,650,48,2,1
11682,18,1037,15,2,1
14178,13,350,12,5,0
5193,18,744,41,1,1
12415,18,849,27,2,1
15293,8,196,18,1,0
12810,26,991,33,2,1
9409,30,740,20,0,1
16177,12,389,16,2,0
11315,15,830,19,2,1
9369,29,961,23,0,1
10811,24,1087,37,2,1
16438,9,302,17,5,0
7417,22,1030,43,0,1
14544,18,898,42,0,1
8759,24,608,25,2,1
11553,23,643,33,0,1
16609,1,216,6,4,0
10462,20,756,23,0,1
13777,8,199,16,4,0
17723,1,244,15,5,0
14794,28,1058,43,1,1
9076,25,779,18,1,1
11624,16,620,15,1,1
7668,20,483,42,2,1
11016,21,1132,32,0,1
12085,13,1036,27,1,1
9863,25,719,20,0,1
10857,25,985,36,2,1
8479,16,758,44,0,1
12392,13,267,13,2,0
14639,14,669,22,2,1
9257,10,753,42,2,1
10443,14,720,16,0,1
14447,1,342,7,2,0
15030,20,1121,25,2,1
8267,11,1255,28,1,1
11578,27,559,38,1,1
12707,24,891,27,1,1
15048,9,233,12,5,0
5808,22,906,35,0,1
13252,11,709,36,1,1
15798,28,908,23,1,1
12291,17,524,25,2,1
9422,26,1476,30,2,1
10717,24,858,23,2,1
16424,29,946,17,2,1
14274,30,576,27,0,1
13600,23,660,15,0,1
12891,12,506,25,0,1
10347,26,1091,38,1,1
20404,10,262,11,5,0
11805,22,762,16,0,1
13373,27,771,31,1,1
15772,10,894,31,1,1
14795,16,541,34,1,1
8451,14,971,29,1,1
13661,6,382,14,5,0
13841,26,667,25,2,1
13547,30,792,37,0,1
10426,19,925,15,0,1
19285,13,851,18,1,1
8807,18,600,16,1,1
9292,30,940,41,2,1
12246,14,299,17,5,0
20193,9,452,18,3,0
9909,21,915,32,2,1
11335,27,953,25,0,1
14693,13,722,19,2,1
11955,18,616,43,2,1
9460,5,321,9,4,0
13714,4,390,16,1,0
12681,22,693,25,0,1
14576,11,886,46,2,1
15228,28,875,20,1,1
12767,23,725,20,1,1
14007,13,283,10,1,0
12535,19,1117,17,2,1
13222,26,1333,33,2,1
12137,29,640,48,1,1
11998,25,881,21,0,1
14991,26,817,30,0,1
18479,14,438,14,1,0
13482,9,77,5,1,0
12025,24,833,48,2,1
10278,26,706,20,2,1
11222,20,604,18,1,1
13006,14,824,19,2,1
13673,13,578,20,0,1
11719,30,706,27,0,1
7216,18,872,38,1,1
16512,12,522,10,4,0
14241,21,748,27,0,1
13478,3,181,8,3,0
14968,12,1080,21,1,1
13303,24,816,18,1,1
20354,10,346,19,1,0
11503,21,962,38,1,1
6846,22,1305,36,2,1
13075,10,1072,35,1,1
15186,13,539,40,2,1
11780,12,270,10,3,0
10343,28,653,49,2,1
12216,30,614,37,0,1
16800,6,171,8,1,0
9951,14,1022,33,1,1
20422,3,217,12,2,0
16518,10,174,15,1,0
9765,26,791,36,0,1
14229,5,304,5,5,0
8274,10,618,26,2,1
12366,13,1074,29,2,1
14903,18,651,29,1,1
11537,11,718,24,2,1
15539,13,251,19,3,0
17513,3,283,9,1,0
16214,22,973,45,0,1
10384,24,610,23,1,1
17252,11,289,18,1,0
13289,19,710,21,0,1
17916,2,241,8,3,0
10700,29,577,31,0,1
8668,18,1077,29,2,1
13578,19,1122,30,0,1
13997,30,999,21,2,1
12015,21,853,33,0,1
10604,17,827,39,1,1
14485,30,1017,26,1,1
13599,1,178,7,4,0
10078,30,1063,24,1,1
12122,26,607,38,2,1
8620,14,996,18,0,1
13714,17,1057,18,1,1
11344,27,580,39,2,1
10910,20,632,44,2,1
11917,19,791,15,0,1
18757,12,404,10,3,0
12662,3,381,5,4,0
13477,28,818,21,2,1
16252,12,155,14,1,0
13909,19,952,36,1,1
13001,14,962,41,2,1
10933,25,1104,43,0,1
11688,21,914,30,1,1
10992,3,281,6,4,0
13263,14,597,25,0,1
11082,30,637,35,0,1
11023,10,782,23,2,1
16921,11,630,41,2,1
14349,14,646,36,0,1
10098,28,792,29,1,1
13427,24,477,37,0,1
12295,10,601,43,2,1
12978,20,843,30,2,1
12672,9,262,10,4,0
14974,12,972,30,2,1
13076,12,259,12,4,0
16977,1,238,19,1,0
14605,22,927,23,1,1
12583,18,838,49,2,1
12303,12,605,21,1,1
12785,25,640,22,0,1
11765,17,1135,49,1,1
12023,16,1443,20,0,1
10533,26,947,21,2,1
10122,25,598,26,1,1
9503,30,1179,15,1,1
16370,1,349,12,4,0
9800,25,884,26,2,1
11564,24,795,41,1,1
12257,11,837,37,0,1
11321,29,711,33,2,1
6110,13,1059,35,1,1
15936,14,763,35,2,1
14716,16,922,38,2,1
13114,24,918,27,0,1
16768,26,777,29,0,1
9556,19,499,15,0,1
16719,29,634,48,1,1
9586,18,942,45,2,1
12596,25,861,46,0,1
8815,12,636,43,1,1
12036,18,808,24,0,1
12445,2,126,7,3,0
11613,16,916,38,2,1
13784,26,1164,41,1,1
14182,11,242,13,1,0
10693,16,1042,32,0,1
10582,22,843,18,2,1
15565,1,432,7,3,0
10365,23,832,23,0,1
14288,27,1089,44,0,1
15056,12,1149,49,0,1
7828,26,595,44,0,1
14832,28,630,20,1,1
17151,16,541,28,2,1
12630,30,846,43,1,1
13497,13,856,46,0,1
18252,11,283,12,4,0
11311,17,888,34,0,1
12455,25,978,23,0,1
8714,10,522,26,2,1
12346,25,1150,28,0,1
13245,11,1059,37,1,1
13290,11,694,48,1,1
9759,12,230,6,5,0
10062,21,949,32,2,1
10668,20,487,47,0,1
16738,15,652,19,0,1
18579,3,359,6,4,0
12684,7,311,8,4,0
11832,14,711,47,1,1
9945,24,642,45,0,1
16058,17,623,20,2,1
10680,15,672,17,1,1
9181,21,561,18,1,1
10873,28,908,41,0,1
6995,21,1025,39,0,1
9894,6,363,18,3,0
13315,12,91,18,3,0
14011,4,373,18,4,0
10316,26,650,43,1,1
14219,27,888,19,1,1
15496,25,914,20,0,1
13952,13,803,21,2,1
11461,27,795,46,1,1
12352,12,586,29,1,1
8187,25,267,27,1,1
11665,23,911,32,0,1
18486,7,274,11,4,0
13735,15,712,25,1,1
17684,3,166,16,3,0
13249,11,668,41,2,1
7022,19,724,22,1,1
9578,2,181,10,5,0
14175,10,268,11,1,0
12218,14,929,37,0,1
10172,13,700,28,2,1
12613,15,401,41,0,1
8893,11,731,24,2,1
14429,4,418,7,4,0
10507,12,257,9,2,0
9460,22,752,16,1,1
13345,30,801,47,2,1
13533,3,521,14,3,0
16412,14,1108,27,1,1
10064,26,641,19,1,1
11440,22,802,19,0,1
12826,24,951,36,0,1
10586,12,657,48,2,1
12358,13,814,15,0,1
13438,24,996,31,1,1
22715,9,261,14,5,0
8251,2,365,13,3,0
11570,16,569,29,1,1
11633,17,989,43,0,1
17872,20,831,39,1,1
14374,18,714,35,1,1
9695,29,738,31,2,1
20053,6,303,8,3,0
11162,14,866,42,2,1
11661,10,669,37,2,1
8926,23,685,17,2,1
10462,7,262,16,5,0
16528,24,830,21,1,1
13447,19,1121,19,1,1
5772,19,639,40,0,1
15041,12,469,31,2,1
14724,15,1079,31,1,1
11101,14,624,17,2,1
13793,28,1093,17,2,1
9851,23,1048,48,0,1
15718,3,329,11,4,0
15746,21,1043,20,1,1
11320,18,433,36,1,1
7325,12,529,47,1,1
11841,27,856,21,1,1
11803,13,722,33,2,1
14995,23,642,24,1,1
12035,15,961,37,0,1
12445,3,220,16,4,0
14612,26,1009,35,1,1
12301,14,725,38,1,1
18450,13,395,8,2,0
14887,30,1107,19,2,1
12484,14,543,32,0,1
12007,28,782,25,0,1
12444,23,625,46,1,1
9323,13,1139,42,1,1
10680,14,1281,36,0,1
12008,20,841,42,2,1
11513,11,898,15,2,1
15181,11,779,20,2,1
12543,29,771,25,0,1
14137,21,816,47,2,1
12023,25,530,30,1,1
14640,26,932,27,0,1
12993,13,602,35,0,1
12033,23,729,38,0,1
14726,6,314,6,2,0
9613,24,647,17,2,1
16967,7,345,13,3,0
11899,17,704,21,2,1
10745,11,1013,34,2,1
14766,28,625,29,2,1
8874,10,766,15,2,1
10943,13,585,24,1,1
14569,30,996,28,1,1
12788,20,737,29,1,1
11880,19,688,48,2,1
12627,27,762,39,2,1
13161,3,218,5,5,0
8208,26,881,24,0,1
11126,25,907,20,2,1
16041,21,769,20,0,1
10351,25,792,42,1,1
11204,18,178,28,1,1
10645,26,709,27,1,1
11782,12,1086,27,0,1
10542,27,889,24,1,1
17266,1,185,6,3,0
12493,24,722,49,1,1
13933,25,680,29,2,1
9372,29,1014,37,2,1
11149,10,993,22,1,1
11435,10,643,40,1,1
13139,13,801,36,2,1
10016,22,573,19,2,1
14289,13,674,48,0,1
14966,17,682,41,2,1
9527,22,659,33,1,1
19198,14,434,10,2,0
13114,2,415,16,4,0
14167,11,321,12,4,0
10925,18,589,32,2,1
16194,10,841,32,0,1
8833,16,841,15,1,1
9525,29,762,46,1,1
18270,10,261,16,4,0
9885,24,848,35,1,1
11330,18,914,41,0,1
14936,6,265,18,5,0
9951,26,607,15,2,1
14896,18,902,33,1,1
15059,15,856,46,1,1
14373,29,724,22,0,1
13309,21,890,33,0,1
12231,25,985,30,1,1
10757,30,705,49,1,1
9617,24,675,16,2,1
12907,16,748,26,2,1
9065,19,899,43,2,1
9515,13,685,24,1,1
14940,1,386,18,4,0
13553,9,361,6,5,0
12983,10,688,35,0,1
20879,11,203,19,1,0
11385,27,553,20,1,1
8655,17,956,46,0,1
15110,10,313,16,2,0
13423,19,931,24,0,1
12179,13,1338,19,1,1
11394,13,1011,38,2,1
14405,13,1067,34,2,1
9535,21,780,45,1,1
10065,17,988,31,2,1
13766,6,242,5,2,0
12212,17,1205,32,2,1
9280,30,578,40,0,1
10289,12,1037,21,1,1
10235,21,885,28,1,1
11348,27,617,16,0,1
8281,24,745,44,0,1
12218,23,479,31,2,1
15118,18,147,34,0,1
12338,14,560,24,1,1
15853,24,722,38,1,1
15334,17,816,26,2,1
13944,12,538,41,0,1
12186,21,736,29,0,1
12056,14,847,23,2,1
13909,18,684,32,1,1
11020,29,583,21,0,1
7293,12,653,42,2,1
13230,17,1067,17,2,1
14574,12,175,14,3,0
9594,22,1030,18,2,1
12000,17,1073,49,0,1
11762,14,728,23,2,1
15776,1,333,12,1,0
12413,14,643,24,1,1
14415,18,853,16,2,1
9179,14,1245,33,2,1
16879,6,253,11,2,0
11281,6,409,14,1,0
17293,13,536,15,0,1
10971,18,741,42,1,1
12364,23,854,20,1,1
7269,28,944,17,0,1
11844,22,778,39,0,1
12571,12,1157,30,1,1
11784,13,806,18,2,1
10592,10,704,22,0,1
15039,14,211,16,2,0
14826,20,940,37,0,1
12077,25,647,20,1,1
15851,13,612,30,2,1
10683,16,471,30,0,1
10913,21,742,37,1,1
14038,15,1043,30,1,1
14518,4,303,9,5,0
22502,14,232,19,5,0
14743,17,669,32,1,1
9070,23,767,23,0,1
7452,24,418,35,0,1
17857,8,158,17,5,0
20067,12,272,10,1,0
12460,24,586,19,2,1
18671,3,232,5,3,0
5000,10,753,49,2,1
11331,29,583,47,1,1
13121,18,736,32,0,1
21107,4,312,18,4,0
14258,11,789,34,0,1
13524,11,98,14,2,0
13781,11,918,30,1,1
10276,12,936,45,2,1
8473,16,765,49,1,1
8755,29,728,34,2,1
8344,26,690,15,1,1
14523,18,895,27,2,1
8213,18,479,21,1,1
12685,28,647,36,1,1
11335,14,767,21,0,1
11743,15,642,34,0,1
15409,27,850,18,0,1
10903,10,832,20,1,1
13529,26,1296,17,0,1
12093,23,647,17,0,1
17240,13,192,13,1,0
17749,14,608,23,1,1
8396,26,1187,30,0,1
18263,5,252,6,5,0
13641,30,486,26,1,1
10801,20,767,34,1,1
16073,19,807,45,2,1
14991,9,325,14,5,0
10695,10,703,35,1,1
8978,14,954,17,1,1
13030,25,1157,35,0,1
9217,16,961,42,2,1
13082,21,972,42,0,1
11533,17,729,19,2,1
10801,27,1003,21,0,1
12971,10,1002,19,2,1
15047,7,418,15,2,0
9278,21,753,35,1,1
19003,13,484,34,1,1
10782,21,529,31,0,1
6455,10,713,42,2,1
9894,10,586,45,0,1
8831,12,960,47,1,1
13066,8,291,17,4,0
12804,21,906,46,2,1
18558,8,445,7,4,0
11074,22,1059,35,1,1
11301,22,897,39,0,1
11072,30,880,47,0,1
12738,11,368,7,5,0
14088,27,863,20,1,1
12840,10,597,42,0,1
13250,15,925,16,2,1
16228,12,290,14,3,0
14211,13,842,40,1,1
12720,15,645,19,1,1
12897,12,1132,25,1,1
14972,26,933,24,2,1
10337,20,1001,29,2,1
9860,13,648,32,0,1
9035,29,859,28,0,1
12457,10,838,42,1,1
7365,13,822,44,0,1
13155,12,412,27,2,1
11727,19,1192,34,1,1
14836,10,792,16,1,1
10320,13,900,39,1,1
16978,5,272,11,3,0
14805,10,1092,39,1,1
15457,25,1075,18,1,1
10299,28,970,26,2,1
12454,29,854,21,1,1
12736,30,1267,46,0,1
12934,27,996,20,1,1
11343,11,526,41,0,1
16171,5,273,8,5,0
7275,30,916,35,2,1
14038,1,276,11,1,0
13119,28,914,33,2,1
13143,14,1088,47,1,1
15381,11,762,18,2,1
14995,10,724,33,2,1
11286,25,582,42,0,1
15983,11,226,12,2,0
10214,11,737,38,1,1
14327,13,664,44,1,1
16526,12,758,43,0,1
15037,26,682,24,2,1
12264,24,585,46,1,1
15454,13,172,5,2,0
8178,21,902,39,0,1
12776,21,692,30,2,1
17121,5,254,9,4,0
10017,16,1218,32,1,1
11976,11,274,16,3,0
13980,7,167,9,5,0
15694,10,443,9,3,0
12684,29,657,25,0,1
10498,20,716,38,0,1
14673,11,744,49,1,1
11479,25,821,39,0,1
10030,21,791,42,0,1
12565,25,574,26,1,1
16908,13,919,37,1,1
19704,9,330,18,1,0
11092,19,1184,32,0,1
8181,22,1049,23,1,1
11451,28,467,49,0,1
12587,24,749,32,0,1
14607,9,322,17,1,0
18384,8,488,17,3,0
9873,29,817,34,0,1
15636,13,334,20,0,1
18030,14,401,14,4,0
9783,18,842,43,1,1
19135,7,202,18,2,0
9053,12,922,27,0,1
15510,11,659,41,0,1
12613,27,860,20,1,1
15022,14,285,5,2,0
10564,14,359,13,3,0
13694,12,958,15,1,1
10691,3,457,16,2,0
14129,29,1343,44,1,1
17149,14,300,9,5,0
12164,28,597,43,2,1
10497,18,1037,37,2,1
13949,25,652,36,0,1
11849,15,565,16,2,1
9818,30,504,19,0,1
9699,21,728,29,0,1
8307,15,1001,46,0,1
10724,22,831,20,0,1
15538,10,212,7,5,0
12444,22,154,38,0,1
10675,29,754,35,0,1
13504,8,430,9,5,0
9918,21,484,26,0,1
12238,30,559,18,1,1
11550,13,814,35,2,1
13947,14,931,31,1,1
8056,25,617,43,2,1
10517,12,288,12,3,0
7904,17,963,32,1,1
11351,25,865,25,2,1
11195,8,299,6,4,0
10736,26,700,42,2,1
10723,23,865,30,1,1
9760,7,220,17,4,0
14671,12,929,44,0,1
11778,29,578,36,1,1
20133,13,340,15,5,0
9307,22,981,23,1,1
15444,30,838,27,0,1
17371,20,601,37,2,1
13303,21,473,41,0,1
6789,27,578,46,0,1
14923,14,361,10,1,0
13532,16,758,47,1,1
10946,15,679,40,2,1
15180,23,879,32,2,1
13970,13,261,7,5,0
10233,23,747,17,0,1
17921,3,317,19,2,0
9765,29,529,28,0,1
11543,22,697,26,0,1
10613,10,1294,18,0,1
14936,21,926,30,1,1
17290,28,573,25,0,1
8422,19,1042,16,0,1
7191,14,538,27,0,1
11387,29,1103,22,1,1
8203,15,623,35,1,1
12115,21,821,40,2,1
13872,30,1217,49,1,1
15735,12,729,29,2,1
12503,23,1167,44,2,1
11517,30,785,16,0,1
7054,13,782,30,2,1
12698,2,412,17,2,0
12178,26,1082,15,1,1
13597,23,700,42,1,1
10228,24,1181,15,2,1
10912,16,674,48,0,1
8304,13,708,27,2,1
6271,26,1000,16,2,1
9228,15,778,18,1,1
14565,14,363,19,5,0
12841,21,538,48,0,1
18068,11,295,11,3,0
10654,21,874,46,1,1
9538,20,1144,35,2,1
5000,26,704,40,2,1
16738,7,355,18,5,0
19236,6,282,19,2,0
10968,18,808,40,2,1
15296,7,295,8,1,0
16015,13,374,6,5,0
12022,13,353,8,1,0
9934,30,1064,19,1,1
11019,12,902,40,1,1
16195,30,971,46,0,1
11817,25,941,16,2,1
11545,19,1013,22,0,1
9646,16,1000,41,1,1
7263,29,785,22,1,1
12070,13,243,10,5,0
14864,3,221,13,5,0
11300,11,312,17,5,0
6378,19,923,27,2,1
9187,21,949,37,0,1
10548,27,764,29,2,1
11873,13,327,13,5,0
16711,7,356,5,4,0
11695,13,949,24,2,1
13020,14,985,19,2,1
9741,16,955,19,1,1
14335,16,821,45,2,1
13083,20,797,15,2,1
11200,19,884,16,0,1
10785,13,201,17,5,0
15891,27,852,21,1,1
14332,21,1061,43,2,1
5000,25,393,23,2,1
15947,13,864,21,1,1
15615,13,276,19,5,0
17016,26,466,24,1,1
15093,30,496,30,2,1
15945,14,892,24,2,1
14196,22,821,40,1,1
15371,12,958,48,1,1
16985,26,280,48,2,1
12541,20,1013,28,2,1
8069,10,1015,32,2,1
11231,27,523,15,0,1
15087,14,157,9,1,0
12187,18,1158,36,0,1
8883,29,533,30,0,1
7922,16,821,21,2,1
10147,14,839,29,1,1
14019,25,440,35,2,1
15950,16,733,16,2,1
14291,22,1080,39,2,1
14643,22,628,23,2,1
11797,24,1165,34,1,1
9758,9,206,7,2,0
15283,13,481,12,2,0
11353,28,809,18,0,1
10757,19,507,44,2,1
12136,11,885,48,0,1
13103,23,761,44,0,1
14132,12,714,28,2,1
11304,16,510,36,1,1
7240,20,783,15,2,1
10792,26,841,22,1,1
12109,24,525,25,0,1
15057,28,1016,15,1,1
10580,20,855,19,1,1
13281,24,630,24,1,1
12725,24,780,27,2,1
12109,15,967,35,0,1
18531,5,333,16,5,0
10347,18,1117,42,1,1
10562,14,1160,23,0,1
11970,28,533,25,1,1
23109,10,335,14,5,0
14308,5,215,14,2,0
18309,7,127,10,2,0
12565,29,765,36,2,1
11749,26,1052,45,1,1
12537,24,516,44,0,1
10850,23,662,42,2,1
11152,25,640,34,0,1
12240,13,1047,29,2,1
12505,26,940,29,1,1
11989,29,394,26,2,1
16263,23,706,31,0,1
9523,27,991,37,2,1
11839,15,1022,20,2,1
8065,17,882,30,1,1
12930,18,836,41,1,1
9211,10,613,37,2,1
11304,22,1014,15,1,1
14672,5,378,15,2,0
12702,15,477,32,2,1
15481,14,17,9,5,0
10511,17,711,16,1,1
15589,15,944,40,2,1
12711,25,896,46,2,1
11690,14,307,5,4,0
11372,19,880,32,0,1
16113,27,1011,33,0,1
11412,23,629,38,0,1
10276,14,942,18,1,1
10287,26,744,16,2,1
10627,23,701,44,2,1
13226,14,306,9,2,0
8800,13,1108,30,1,1
9189,29,798,47,1,1
9926,11,642,17,2,1
8628,11,428,7,1,0
11046,16,712,24,2,1
13364,6,267,5,5,0
15175,22,1380,44,0,1
15237,28,558,44,2,1
11294,15,1173,39,0,1
10422,29,637,38,0,1
9838,26,925,49,0,1
13589,4,214,9,1,0
11488,10,947,44,1,1
11033,22,523,40,0,1
9965,28,499,49,0,1
10075,25,953,38,0,1
12800,19,443,34,2,1
8711,22,566,49,1,1
14487,19,782,24,0,1
10665,23,541,41,0,1
11625,18,566,29,2,1
8657,30,717,29,1,1
11969,20,363,49,1,1
9618,10,285,14,5,0
11874,17,1068,43,0,1
15679,21,991,18,1,1
12444,12,1253,30,2,1
12906,10,101,6,4,0
10221,23,1060,35,0,1
13487,16,715,35,0,1
15246,16,762,16,0,1
15624,2,318,14,4,0
13721,21,421,19,2,1
13524,10,909,21,0,1
15547,14,675,25,0,1
7126,20,708,49,0,1
13668,10,999,44,0,1
14459,22,489,15,2,1
8653,26,811,30,1,1
9785,12,889,15,0,1
9873,19,693,36,2,1
19177,13,320,18,5,0
17016,3,307,16,5,0
12606,29,979,29,1,1
14164,12,763,31,2,1
14703,21,549,23,0,1
9905,19,684,19,1,1
9888,30,730,37,2,1
15289,21,639,25,0,1
13947,2,195,8,5,0
12207,15,828,22,1,1
13183,28,817,48,2,1
10802,1,188,13,5,0
13311,29,825,36,2,1
11159,11,1057,28,0,1
12672,30,858,19,0,1
8223,28,1014,31,0,1
10280,28,821,32,1,1
10307,13,672,33,2,1
11064,29,972,21,1,1
9683,14,518,40,1,1
10666,16,688,39,1,1
14544,1,424,15,3,0
13371,20,930,29,1,1
11793,12,1054,43,0,1
7736,14,969,15,0,1
9912,29,949,18,0,1
12841,24,972,23,1,1
20014,11,284,11,5,0
10257,27,572,38,0,1
11813,25,1240,32,0,1
14739,13,397,17,4,0
18772,11,386,13,2,0
13375,10,874,16,2,1
9999,20,537,39,0,1
11955,26,748,27,1,1
11911,24,731,41,2,1
10682,16,715,27,0,1
9440,15,962,42,1,1
11285,24,820,29,2,1
16063,24,561,43,2,1
8595,16,564,35,1,1
16932,9,271,15,4,0
11350,23,975,37,0,1
12088,18,755,17,0,1
9283,12,950,49,1,1
17017,10,230,16,5,0
15499,14,131,18,5,0
9385,18,865,27,1,1
11477,10,1088,16,2,1
10982,18,702,26,2,1
16626,21,732,41,2,1
9085,13,906,48,2,1
8057,2,413,18,5,0
12619,14,927,39,2,1
16325,2,372,11,2,0
13717,26,655,27,0,1
11004,15,702,42,2,1
5769,24,436,35,1,1
21694,1,390,14,1,0
11037,4,315,8,5,0
9380,25,809,40,2,1
13719,11,510,29,2,1
11132,28,869,20,1,1
14294,11,603,18,1,1
15025,30,752,18,0,1
10387,21,651,44,2,1
13983,21,1030,27,0,1
10111,17,662,23,1,1
17582,21,1069,28,2,1
15409,13,207,19,4,0
14565,11,883,17,2,1
12850,12,360,10,5,0
17428,10,165,13,1,0
10323,18,881,29,2,1
17574,3,374,15,2,0
6616,19,863,21,2,1
12561,29,920,26,0,1
12874,23,1181,21,1,1
12333,10,894,20,1,1
12562,14,284,6,4,0
8835,22,932,23,2,1
10129,15,755,38,0,1
12729,26,935,44,0,1
12723,24,775,30,1,1
15377,7,419,6,5,0
13588,17,582,47,2,1
9434,30,930,37,1,1
13525,11,686,33,1,1
13186,27,925,33,2,1
12943,30,800,36,0,1
11544,16,743,47,1,1
17057,10,122,10,5,0
13232,25,1060,46,2,1
9579,28,721,29,1,1
12620,18,1117,22,2,1
13881,21,636,39,1,1
10529,23,1101,32,2,1
15719,4,378,9,3,0
16458,14,500,10,5,0
6143,26,539,35,2,1
12749,20,538,36,2,1
10984,27,851,48,2,1
13342,21,597,28,2,1
14360,12,1065,18,0,1
13292,14,355,16,5,0
16163,23,671,16,1,1
11553,24,615,15,2,1
16304,12,307,6,5,0
14012,19,686,27,2,1
11756,18,899,41,2,1
15919,12,201,18,5,0
10513,29,1033,31,2,1
10943,13,926,19,0,1
17590,1,376,7,4,0
12603,19,714,22,1,1
12813,26,627,23,1,1
14948,21,627,32,2,1
13977,10,440,30,1,1
11288,20,988,46,0,1
9054,22,1058,46,0,1
13082,10,602,16,1,1
12173,9,281,7,5,0
13887,30,912,19,1,1
14711,25,636,40,2,1
11470,16,1054,23,1,1
14036,10,237,12,3,0
10157,25,372,38,2,1
11860,10,773,38,1,1
11803,18,681,49,1,1
14823,12,356,7,4,0
11676,24,730,40,0,1
11665,13,915,37,0,1
10058,24,884,20,2,1
14354,19,865,41,0,1
12191,25,838,33,0,1
11563,22,799,45,1,1
10131,28,520,46,2,1
8670,29,877,16,1,1
15269,13,946,32,1,1
13386,29,869,42,2,1
7940,25,759,21,2,1
22476,14,278,16,2,0
14174,7,327,9,1,0
12310,20,942,42,1,1
15995,20,782,39,2,1
12541,12,514,18,1,1
8457,26,764,33,1,1
9103,14,400,7,3,0
12612,22,707,27,0,1
10491,19,817,15,0,1
13433,14,998,48,0,1
7830,21,933,21,0,1
14476,17,841,39,1,1
9804,21,1049,37,1,1
9537,25,809,44,2,1
11715,11,840,21,2,1
13082,12,724,31,2,1
12409,27,586,47,1,1
10143,26,911,16,0,1
10734,11,486,27,1,1
9167,21,613,46,1,1
11438,26,835,36,2,1
14687,15,630,23,2,1
15328,8,275,7,4,0
14148,11,829,32,2,1
15638,17,687,41,1,1
10529,23,811,25,2,1
11533,15,808,42,0,1
17427,18,571,22,1,1
15610,10,909,32,0,1
7818,14,393,27,1,1
13910,11,202,19,2,0
12001,18,906,29,2,1
16023,5,286,6,4,0
10137,18,932,44,1,1
9900,13,791,20,0,1
18076,4,317,15,2,0
10570,24,795,33,1,1
14038,13,967,47,1,1
15147,12,276,12,5,0
10443,30,831,33,1,1
7527,23,437,29,0,1
14517,18,638,24,0,1
15177,28,628,16,2,1
11182,15,1136,16,0,1
11255,12,532,35,1,1
13133,27,879,26,1,1
15686,25,1118,24,1,1
13507,8,331,12,3,0
10256,11,1104,16,0,1
7952,11,1133,15,2,1
15554,4,230,14,5,0
16358,8,201,11,1,0
10361,12,838,42,0,1
12487,17,896,31,2,1
10617,27,884,35,2,1
9354,20,1143,48,2,1
10990,8,435,9,4,0
15905,28,609,31,2,1
19645,7,320,12,2,0
16326,11,946,19,2,1
13349,15,635,28,2,1
10925,14,627,39,1,1
15308,23,990,36,2,1
11917,27,693,19,0,1
12552,13,717,23,1,1
11892,13,707,45,0,1
5000,22,849,35,1,1
16011,30,1020,15,2,1
13227,10,933,36,0,1
12824,29,707,37,1,1
11845,14,1067,37,0,1
12386,6,344,7,1,0
10506,30,998,15,2,1
13541,28,991,20,0,1
11569,7,479,9,3,0
12465,16,616,31,0,1
15699,7,435,12,4,0
11503,12,998,34,2,1
12927,11,564,42,1,1
9521,16,536,32,0,1
9585,18,437,21,1,1
12591,30,548,34,1,1
13696,21,642,38,2,1
7312,19,824,30,0,1
13305,28,569,27,2,1
10641,22,932,42,0,1
11517,19,809,21,1,1
12819,14,308,5,5,0
9870,24,796,37,2,1
14415,30,828,37,0,1
12082,12,1183,45,1,1
12381,10,301,8,3,0
14379,6,377,11,3,0
13223,28,845,24,2,1
13101,26,834,21,2,1
11812,19,920,46,2,1
14732,10,1327,37,1,1
14426,22,692,23,1,1
13033,19,669,43,1,1
12136,21,893,41,1,1
13643,11,1165,35,1,1
12785,19,934,20,1,1
19591,4,389,10,1,0
14248,10,996,34,0,1
9454,10,1158,29,1,1
9285,29,646,34,1,1
10246,24,599,29,0,1
14440,10,811,43,0,1
8059,30,860,20,1,1
12986,18,1076,30,1,1
12906,16,706,15,1,1
14906,25,880,20,0,1
12450,25,1111,30,2,1
8641,22,844,47,2,1
18269,2,369,15,1,0
9045,27,914,24,2,1
10655,18,733,22,2,1
11542,21,867,35,1,1
9086,22,762,40,2,1
15676,20,771,32,1,1
8686,24,719,18,0,1
17049,9,417,5,1,0
14962,19,998,33,2,1
14339,10,205,14,1,0
10265,12,1054,37,1,1
12856,25,349,23,2,1
8806,21,696,32,2,1
14277,26,651,16,1,1
11815,24,749,31,1,1
10976,12,593,30,1,1
8940,14,478,38,2,1
5806,22,934,45,0,1
17173,11,419,7,3,0
14781,18,911,42,0,1
10992,28,564,47,0,1
11576,16,472,18,2,1
13638,22,848,15,1,1
16514,14,926,47,0,1
15312,25,676,24,2,1
17614,11,501,7,5,0
7143,14,1049,35,0,1
17899,29,788,23,1,1
19738,7,287,10,1,0
12471,15,500,22,2,1
18407,14,490,8,2,0
14408,10,721,38,2,1
11730,26,952,24,1,1
11717,18,796,49,0,1
14236,25,772,18,1,1
12835,11,616,23,0,1
9035,20,1076,25,0,1
11038,11,391,8,3,0
13652,22,979,41,0,1
13275,29,787,44,2,1
12655,26,880,26,0,1
14333,24,284,33,0,1
11095,21,840,18,0,1
17630,11,193,8,4,0
17892,10,174,8,1,0
10875,22,602,40,0,1
13909,27,771,21,2,1
20858,2,240,11,3,0
10834,24,615,18,2,1
9396,17,853,22,0,1
14508,28,964,36,0,1
13371,23,854,40,2,1
14930,5,155,6,3,0
7684,23,666,31,1,1
11598,14,864,29,2,1
11770,13,336,19,4,0
12978,12,332,8,2,0
10459,24,621,20,1,1
11134,13,954,48,0,1
14124,10,1162,19,0,1
7217,26,1024,26,0,1
16443,29,1196,43,2,1
13209,10,675,26,0,1
11894,25,1006,39,0,1
14267,22,1057,48,2,1
8370,27,702,25,0,1
10338,19,634,37,2,1
11697,27,607,38,2,1
15413,26,781,32,1,1
11883,18,498,24,0,1
13125,23,1137,19,2,1
10526,30,543,45,1,1
13217,22,884,39,2,1
16193,29,347,31,0,1
14488,29,1209,42,1,1
11796,23,1049,15,2,1
13570,6,223,5,3,0
13443,22,861,16,0,1
13266,26,751,41,2,1
14779,12,831,22,0,1
14761,10,927,41,2,1
11682,30,639,31,1,1
13604,14,789,18,0,1
11042,22,438,45,1,1
9692,14,816,19,2,1
14903,14,207,18,4,0
11809,21,1061,42,0,1
7846,11,507,33,0,1
14150,25,858,37,2,1
14016,6,258,13,4,0
10721,8,249,18,3,0
15754,21,1154,44,1,1
11347,24,1078,37,0,1
12023,15,796,17,1,1
12757,22,1023,27,2,1
13909,2,92,7,4,0
12481,26,872,49,0,1
11640,18,675,16,1,1
11764,25,1148,17,2,1
12453,26,639,43,2,1
13105,10,260,12,4,0
15157,2,218,13,1,0
12408,22,441,48,0,1
16081,5,285,5,4,0
14350,11,291,12,4,0
14844,22,883,40,1,1
11115,21,806,46,2,1
12568,23,632,16,1,1
15243,22,499,46,1,1
11801,18,972,43,1,1
12536,23,805,34,1,1
11759,10,924,37,0,1
9917,5,309,11,4,0
11355,13,946,24,0,1
13290,14,194,9,1,0
11741,23,1068,24,2,1
9851,18,859,33,1,1
13698,12,591,40,0,1
11238,15,824,38,1,1
13551,12,830,23,0,1
5176,10,700,43,0,1
10964,3,181,6,1,0
10850,12,1219,42,1,1
9341,23,606,17,1,1
10616,29,714,37,1,1
10565,11,912,18,2,1
11880,21,1236,28,0,1
8581,19,739,27,2,1
12790,22,440,42,2,1
15415,29,372,34,0,1
12702,13,1304,42,1,1
14022,28,418,46,0,1
14736,10,815,28,0,1
16481,4,324,19,3,0
16675,25,642,25,1,1
17225,6,219,19,1,0
10203,28,408,23,2,1
11754,12,396,5,4,0
13770,12,886,19,0,1
13939,27,714,42,2,1
17730,12,379,5,2,0
12028,14,1017,17,2,1
13065,25,817,49,1,1
9549,23,1217,21,1,1
15340,5,356,5,3,0
11158,15,885,38,1,1
11229,12,553,45,2,1
18056,9,391,5,2,0
13217,13,174,19,5,0
10176,29,1035,18,0,1
10690,20,1168,17,2,1
8585,16,889,49,0,1
10036,10,1047,23,2,1
16872,25,924,18,0,1
13839,25,717,33,2,1
19400,1,113,11,2,0
14943,24,753,25,2,1
16585,30,570,29,2,1
7571,18,1010,45,0,1
8925,14,1022,22,1,1
9990,29,596,16,2,1
11597,5,229,19,5,0
11248,30,563,17,2,1
13242,6,240,7,1,0
12548,16,767,26,0,1
10677,12,438,17,4,0
17876,5,294,5,2,0
6561,30,919,27,2,1
9517,22,773,30,2,1
10626,22,974,31,1,1
11382,16,606,32,1,1
17570,8,424,8,4,0
14794,1,240,13,1,0
9172,10,537,45,0,1
11685,21,984,31,2,1
9317,12,828,46,0,1
9877,10,797,15,1,1
8728,13,610,49,2,1
11616,15,709,33,1,1
9833,14,802,42,2,1
14266,20,839,16,2,1
13014,29,619,43,0,1
11825,22,948,43,2,1
10006,20,961,33,1,1
12951,15,896,42,2,1
13726,28,712,48,1,1
12356,24,971,45,2,1
16009,30,924,33,1,1
13149,22,409,46,1,1
14284,19,842,43,1,1
12333,10,1186,23,2,1
13689,22,994,21,0,1
10008,15,1030,26,1,1
10854,30,659,45,1,1
12873,29,825,32,0,1
12855,21,763,42,1,1
13269,26,799,35,1,1
14134,2,259,14,4,0
8437,17,552,48,0,1
15252,8,514,13,3,0
12573,14,643,38,2,1
10189,11,917,30,2,1
15417,8,313,9,3,0
14864,13,266,17,4,0
11804,25,1076,20,0,1
10711,30,887,25,0,1
10799,25,708,18,2,1
14504,5,147,5,1,0
12279,22,554,27,2,1
10858,19,787,29,1,1
11317,26,936,22,1,1
15360,30,1148,38,2,1
15461,26,782,25,1,1
12630,19,809,49,2,1
8646,17,1038,39,1,1
13346,16,568,37,1,1
15885,23,829,21,0,1
17203,4,404,12,5,0
13836,30,826,46,0,1
14294,5,168,17,2,0
12133,27,469,17,1,1
13570,23,1022,44,2,1
10298,19,871,19,2,1
10502,14,114,14,1,0
17695,10,311,8,4,0
10526,27,641,44,1,1
13462,11,449,18,5,0
17049,4,312,18,1,0
11433,25,906,43,2,1
13622,20,701,35,0,1
10866,18,625,32,1,1
16296,16,604,25,1,1
12537,4,558,17,5,0
15134,18,794,49,2,1
10087,19,516,40,0,1
7510,25,522,18,1,1
12594,30,694,24,0,1
11363,27,983,30,1,1
9225,23,714,44,1,1
7796,20,504,17,0,1
11979,13,782,48,1,1
14439,28,807,39,1,1
13462,22,502,18,0,1
12141,10,556,24,1,1
13197,30,948,27,0,1
10684,3,255,14,1,0
8425,24,957,21,1,1
8447,29,490,42,0,1
11492,24,498,29,1,1
11598,20,804,44,1,1
14127,14,649,24,0,1
13893,19,693,26,2,1
13512,27,830,31,0,1
17264,13,460,17,1,0
9174,5,385,11,4,0
13030,12,898,38,2,1
13312,10,836,35,1,1
6028,26,808,46,0,1
9914,24,796,32,0,1
10272,14,639,27,1,1
12295,25,597,35,0,1
11143,13,346,15,3,0
11904,28,642,40,0,1
11473,23,797,19,2,1
11602,12,721,19,2,1
10209,28,803,45,0,1
10402,10,781,42,1,1
9299,30,1153,27,1,1
12950,10,522,25,1,1
13427,19,762,15,1,1
10073,12,578,38,0,1
15801,22,703,27,0,1
11213,15,636,32,1,1
15545,3,292,13,1,0
10394,15,505,43,1,1
6933,12,956,42,1,1
13005,25,905,36,2,1
12621,18,1211,34,1,1
12085,17,1160,25,2,1
10394,12,640,34,1,1
11913,14,1047,27,0,1
10721,30,735,38,2,1
16474,8,289,16,3,0
14104,14,1144,31,1,1
11588,12,289,18,4,0
13524,14,811,44,1,1
11420,30,410,28,1,1
11144,29,977,29,0,1
9116,29,1220,23,2,1
16529,2,428,7,4,0
5000,16,1073,24,0,1
10524,10,1028,36,2,1
11795,30,658,45,0,1
13409,27,864,27,1,1
11328,19,898,31,2,1
12869,15,566,15,2,1
6550,16,1088,28,2,1
11857,21,699,49,2,1
7801,27,756,15,2,1
8979,20,747,41,2,1
11532,28,807,36,1,1
15190,13,1385,48,2,1
12928,28,678,23,0,1
12045,22,490,46,0,1
11951,28,832,34,0,1
10215,11,627,41,2,1
10640,18,718,17,0,1
13068,17,923,25,1,1
8536,30,582,38,0,1
13482,23,727,43,2,1
11028,18,858,19,1,1
13616,10,139,15,3,0
14402,27,792,22,1,1
7817,15,858,33,0,1
10546,12,776,18,0,1
9861,19,831,49,2,1
11704,13,311,15,2,0
9418,19,665,19,2,1
18103,18,506,17,2,1
13523,21,592,30,2,1
16793,17,560,22,1,1
14072,18,1046,19,1,1
12905,14,351,9,3,0
11045,17,925,22,1,1
13471,27,663,39,0,1
13093,29,1007,22,1,1
10556,26,715,35,0,1
16797,13,147,15,5,0
20219,19,903,46,2,1
11647,10,1050,27,2,1
11185,30,685,37,0,1
12283,10,676,22,0,1
11393,18,902,49,1,1
12306,29,482,42,0,1
15112,5,196,18,3,0
11688,15,873,43,1,1
9093,16,933,18,0,1
11595,18,866,48,2,1
10838,14,780,38,2,1
16847,8,398,11,2,0
14927,11,1117,16,1,1
12268,12,1143,21,1,1
8803,12,821,25,1,1
15884,12,249,12,4,0
12037,19,598,18,1,1
12840,12,886,49,0,1
11063,24,554,40,2,1
10799,23,558,32,1,1
10518,13,703,30,1,1
11941,19,901,26,1,1
14315,4,313,10,1,0
9246,20,850,29,1,1
16206,6,178,16,3,0
15018,18,996,34,1,1
9965,17,977,27,0,1
12280,2,405,14,1,0
12566,26,974,45,1,1
16990,14,254,15,2,0
15156,28,862,46,0,1
11856,29,827,35,1,1
17991,7,239,13,5,0
10340,14,899,43,2,1
11397,17,427,43,1,1
10914,27,885,36,2,1
18681,7,392,17,4,0
13050,30,997,28,1,1
13479,24,875,37,1,1
15148,12,829,16,1,1
18196,11,243,12,3,0
14225,3,207,15,2,0
14748,22,945,21,0,1
11120,30,876,48,1,1
14962,29,980,18,1,1
14653,30,696,37,2,1
14521,18,1016,34,2,1
12235,26,676,36,0,1
10329,28,840,43,2,1
8513,13,687,17,0,1
11899,29,780,36,1,1
15832,19,1206,34,0,1
11225,12,901,39,0,1
13962,28,845,48,1,1
14109,18,1082,43,0,1
11290,14,287,24,2,1
15290,23,768,34,2,1
5000,16,700,37,1,1
13894,1,215,11,5,0
9710,15,494,22,2,1
9950,17,756,43,2,1
12840,11,938,39,2,1
12725,23,770,48,2,1
12984,16,959,46,0,1
15058,4,391,15,4,0
9624,29,1033,35,1,1
8954,15,699,33,1,1
12990,30,425,39,2,1
10424,23,483,37,0,1
8073,21,700,33,2,1
14428,27,623,19,2,1
15487,21,681,33,1,1
12147,3,230,7,5,0
12467,14,499,26,0,1
13564,21,1101,39,0,1
15424,18,638,19,0,1
10396,20,551,26,1,1
6976,4,249,5,3,0
12688,23,1099,18,2,1
14467,9,397,16,5,0
12465,27,679,38,1,1
15240,16,693,42,2,1
10261,11,233,11,2,0
8290,22,710,49,2,1
16173,10,233,8,4,0
9631,14,824,26,0,1
15132,28,778,30,0,1
18470,6,234,19,1,0
14940,18,1193,42,1,1
12757,1,470,17,5,0
13075,27,623,31,2,1
13271,19,585,33,1,1
13056,26,808,25,2,1
18336,7,312,12,5,0
12295,20,809,24,2,1
9209,25,1201,33,0,1
12427,17,680,36,2,1
9142,24,1016,16,1,1
9037,20,1093,47,0,1
16012,16,627,41,0,1
14673,11,835,33,2,1
11989,28,870,18,0,1
12461,18,945,33,1,1
11380,27,960,39,0,1
15655,5,213,8,3,0
10309,10,643,27,1,1
14484,28,834,36,1,1
11367,22,1096,18,0,1
10950,23,1118,16,0,1
12054,26,845,17,2,1
15476,11,366,8,1,0
18468,2,323,13,3,0
10656,14,907,43,2,1
13171,29,902,47,2,1
15040,23,955,27,1,1
10201,27,609,46,1,1
11673,22,969,42,2,1
13153,21,830,42,0,1
10910,24,1028,41,2,1
10369,9,368,8,3,0
13388,18,916,44,1,1
14708,12,891,20,0,1
19293,1,418,12,5,0
9643,24,619,23,1,1
11231,25,961,20,2,1
9580,16,628,43,0,1
13411,16,732,37,2,1
9095,18,726,20,0,1
17832,26,873,36,1,1
15239,22,935,16,2,1
12031,18,488,45,2,1
18984,4,497,15,2,0
7907,29,645,19,0,1
18308,21,754,34,1,1
10524,30,401,26,1,1
11698,28,1026,22,0,1
7360,24,812,47,2,1
13215,27,773,45,1,1
9234,17,950,17,1,1
12254,15,903,33,2,1
10639,15,901,22,0,1
9305,12,796,44,1,1
9989,12,820,45,2,1
12564,11,968,43,2,1
12638,12,307,10,4,0
10127,29,1145,16,0,1
13658,21,828,37,1,1
18506,15,930,44,0,1
13193,25,775,23,0,1
9706,14,864,21,2,1
11082,15,875,29,2,1
14994,12,268,17,4,0
11126,23,670,35,0,1
14257,12,928,28,1,1
12543,26,890,25,2,1
14324,7,243,17,5,0
7864,11,346,8,2,0
15313,30,601,27,1,1
11583,15,802,44,2,1
9572,29,953,34,1,1
13036,6,86,11,3,0
7437,22,798,47,0,1
10153,17,933,40,0,1
19366,4,318,6,5,0
13226,5,255,6,3,0
16517,14,559,28,1,1
15734,14,797,32,2,1
11173,12,555,35,2,1
18065,11,934,37,1,1
12920,12,812,18,0,1
12718,5,325,8,5,0
12449,16,409,25,1,1
11876,12,732,34,2,1
11370,24,946,33,0,1
11475,20,1028,15,0,1
13521,25,954,45,0,1
12917,22,609,16,1,1
11921,11,703,19,2,1
15773,29,352,48,2,1
5000,21,809,18,2,1
12065,13,316,18,1,0
20395,6,239,17,3,0
14867,10,915,40,2,1
11837,23,910,15,1,1
18318,10,301,9,5,0
14464,12,313,49,1,1
15771,3,190,7,2,0
11248,29,886,30,1,1
12667,30,549,47,2,1
16196,24,874,45,0,1
6689,15,840,36,0,1
10274,27,1062,34,0,1
11192,4,429,12,2,0
14731,24,895,49,2,1
13306,12,839,17,0,1
10878,24,646,46,1,1
9795,10,934,27,1,1
13109,6,336,17,5,0
15870,27,609,22,0,1
10428,17,668,33,0,1
12253,21,572,28,2,1
10115,14,1011,25,1,1
14106,10,1195,49,1,1
10653,17,1031,17,1,1
16157,7,404,9,4,0
7791,26,786,27,2,1
7966,24,741,30,1,1
12019,13,602,42,1,1
8687,22,1189,41,1,1
17262,26,593,24,0,1
17808,6,244,9,1,0
9999,11,760,22,1,1
12041,13,777,21,0,1
11087,11,920,36,1,1
9239,21,665,23,1,1
9605,28,402,43,2,1
9523,27,753,43,1,1
15804,12,260,10,3,0
16879,14,750,35,2,1
12194,20,748,47,1,1
15048,8,267,17,3,0
15429,6,424,6,4,0
14784,26,1092,16,1,1
5000,24,1081,26,1,1
11238,23,1079,47,0,1
12914,11,260,9,2,0
10570,25,880,15,0,1
16406,13,715,47,0,1
15709,28,704,18,1,1
10827,17,614,42,1,1
10742,15,1313,28,0,1
9465,25,750,26,2,1
10426,12,615,20,2,1
8918,17,827,34,1,1
13072,14,952,35,2,1
8359,14,771,30,2,1
13509,21,848,26,2,1
14559,1,140,16,3,0
8340,4,428,8,1,0
10800,12,188,7,2,0
13284,19,672,48,2,1
13874,12,645,40,1,1
13759,2,276,12,5,0
13555,10,782,44,1,1
14815,17,587,15,0,1
11753,29,777,22,0,1
17004,20,558,15,1,1
12110,16,756,24,2,1
19302,6,391,14,3,0
12732,16,902,16,2,1
13463,22,1187,45,1,1
7821,19,765,18,1,1
12927,26,671,26,1,1
10162,12,818,45,0,1
20233,4,366,7,4,0
17579,12,474,6,5,0
11465,22,771,22,0,1
9491,14,386,30,0,1
16000,11,190,13,2,0
8748,24,955,40,1,1
15584,10,991,28,1,1
10260,14,1062,26,1,1
13323,22,665,41,0,1
15390,19,719,45,2,1
10749,14,775,18,2,1
20351,11,305,8,4,0
9424,19,747,18,0,1
18114,27,904,45,2,1
14340,17,723,48,2,1
11518,29,658,18,2,1
10067,12,1021,34,2,1
11715,28,862,32,2,1
11150,28,949,22,1,1
16882,11,758,16,2,1
23806,5,249,16,2,0
12337,25,587,30,1,1
11954,30,619,36,0,1
13820,7,299,7,5,0
11728,30,785,19,2,1
11709,25,750,29,0,1
14182,14,616,22,2,1
13522,29,960,38,0,1
13047,12,1173,33,0,1
5000,12,921,32,2,1
12749,11,710,35,0,1
14461,10,401,16,1,0
13615,13,871,29,0,1
15686,27,713,17,2,1
9684,11,1055,25,1,1
11345,15,763,17,2,1
10501,12,511,44,0,1
7845,7,114,8,4,0
12237,12,906,20,1,1
16320,11,656,45,2,1
13034,12,425,36,2,1
15474,14,343,13,3,0
17459,9,347,7,1,0
14044,16,704,43,2,1
7655,30,674,25,2,1
12213,15,530,36,0,1
11824,17,635,20,0,1
13813,28,494,44,1,1
11530,28,539,39,1,1
9403,21,800,15,1,1
12018,14,484,36,2,1
13112,1,294,8,1,0
7186,23,841,22,2,1
15100,4,161,7,2,0
13447,25,871,30,1,1
13167,13,731,33,0,1
11709,12,275,9,3,0
10337,12,956,26,2,1
8422,30,690,45,0,1
11824,14,941,47,1,1
11131,16,716,33,1,1
14507,12,379,5,4,0
11800,17,585,38,2,1
10470,20,468,42,0,1
7409,23,551,18,0,1
10897,27,445,26,1,1
9159,22,601,37,2,1
12579,15,964,34,0,1
10359,22,798,42,2,1
14779,10,722,15,1,1
16009,20,661,25,1,1
13698,16,783,45,0,1
8122,19,806,23,1,1
15762,11,576,20,0,1
15939,25,892,20,1,1
12046,14,734,17,0,1
14399,6,505,9,1,0
10620,25,793,49,1,1
19617,7,364,8,2,0
10099,18,1060,16,2,1
16323,10,797,21,1,1
18692,12,130,16,2,0
12153,1,246,17,1,0
12279,9,137,15,2,0
10717,15,485,15,0,1
10891,17,911,15,1,1
12180,24,1029,21,1,1
10594,25,857,17,2,1
8444,27,961,45,0,1
12537,21,546,39,0,1
14683,13,728,38,0,1
14173,25,668,15,1,1
9975,20,1005,45,2,1
8871,16,898,25,1,1
11289,24,1006,17,2,1
15919,26,676,26,2,1
13613,24,573,34,0,1
13759,19,1065,44,1,1
14224,13,805,24,0,1
13051,26,1012,29,2,1
12301,13,787,35,2,1
13655,20,1240,32,0,1
10634,13,1035,46,0,1
20501,10,248,15,3,0
13807,19,804,44,1,1
15094,23,804,47,0,1
9204,27,572,36,1,1
13207,5,450,17,1,0
10513,14,283,16,5,0
11994,11,846,18,0,1
9954,22,636,26,2,1
12307,23,769,18,0,1
10623,12,726,19,0,1
10458,20,815,33,1,1
13082,13,1093,45,0,1
7990,22,1019,21,1,1
8390,17,537,26,0,1
12048,17,789,24,0,1
17784,7,330,5,2,0
12858,19,670,35,2,1
16688,22,1230,27,0,1
12261,22,694,37,1,1
13495,26,708,20,2,1
13304,11,430,13,5,0
20613,9,54,19,1,0
10684,26,711,38,0,1
22323,8,285,6,5,0
11727,15,752,25,1,1
14582,14,765,15,0,1
16428,5,187,13,3,0
6291,18,313,20,1,1
11466,12,515,28,1,1
13171,29,579,43,0,1
12380,14,883,15,1,1
15080,16,830,22,1,1
9822,10,318,5,3,0
10590,16,559,37,2,1
6186,19,1157,25,2,1
11406,17,1138,41,1,1
14569,26,807,34,2,1
11019,14,662,22,0,1
12070,24,673,40,2,1
13053,18,839,49,2,1
9461,20,1176,17,1,1
13558,22,781,18,2,1
16092,27,483,43,0,1
11567,26,1179,42,2,1
18091,10,454,13,5,0
11833,19,1090,42,0,1
6439,14,925,32,0,1
12842,20,770,28,2,1
13130,24,993,28,1,1
16189,11,653,43,0,1
11515,30,741,17,0,1
13021,29,693,48,1,1
9846,23,759,23,0,1
10958,13,255,8,4,0
8187,15,908,43,1,1
11513,24,488,19,2,1
12799,9,379,6,3,0
12747,19,727,40,2,1
10441,28,917,23,0,1
12208,18,519,18,0,1
14867,8,359,15,2,0
11171,19,574,19,1,1
12200,13,849,21,0,1
12101,13,1022,42,1,1
13902,15,554,28,2,1
11698,17,848,38,2,1
20416,14,196,13,2,0
11547,17,604,48,1,1
10213,25,555,42,1,1
11100,15,658,22,2,1
17077,26,637,35,0,1
9718,10,758,38,2,1
11303,28,714,38,0,1
11031,27,884,27,0,1
11382,26,961,29,0,1
11171,26,494,39,1,1
12698,21,749,42,0,1
7724,21,610,22,0,1
14592,15,582,45,2,1
13581,16,486,21,0,1
8892,17,471,31,0,1
16267,8,185,19,1,0
9557,26,878,36,1,1
11393,30,877,21,0,1
18450,17,589,24,1,1
13358,20,569,42,2,1
7481,29,847,43,1,1
10275,27,713,49,0,1
11866,25,977,36,1,1
12634,22,577,23,1,1
8713,18,428,22,2,1
11662,28,922,44,2,1
18490,5,156,9,3,0
9240,26,510,45,2,1
12648,17,666,36,2,1
13934,17,743,45,2,1
22681,13,370,19,2,0
13435,25,597,19,2,1
14905,5,328,12,2,0
13786,24,496,25,2,1
12772,30,725,36,1,1
12334,13,966,39,0,1
10470,16,976,27,2,1
10757,20,208,25,0,1
12184,14,1341,19,2,1
18099,22,735,28,0,1
12753,20,855,36,1,1
14798,14,149,5,5,0
9919,17,1227,49,1,1
10770,30,1057,46,0,1
17443,26,1221,38,1,1
15742,7,217,8,5,0
14267,28,982,35,1,1
11060,27,591,47,1,1
12652,19,747,42,0,1
19339,9,371,16,3,0
10570,10,863,39,2,1
13711,4,288,9,2,0
16147,26,644,18,1,1
14461,10,1033,24,0,1
13976,10,1030,39,2,1
13968,18,1008,46,0,1
13148,13,858,22,2,1
17044,18,802,26,2,1
12109,23,1024,35,1,1
13443,24,987,41,1,1
8372,25,621,44,1,1
9937,25,863,24,2,1
17107,11,274,11,4,0
15185,23,665,15,0,1
18513,3,126,12,4,0
10994,18,943,17,2,1
5000,18,716,33,0,1
9921,30,528,20,0,1
10772,13,917,21,2,1
15462,19,1192,30,0,1
12991,12,851,18,0,1
9917,30,928,32,2,1
14664,18,566,46,2,1
18350,2,207,19,5,0
12093,25,777,32,1,1
8993,25,622,42,0,1
9524,26,887,16,2,1
9937,27,880,16,0,1
12116,19,741,33,2,1
13264,13,377,19,3,0
15860,28,1210,27,0,1
12962,24,675,36,2,1
5231,24,573,21,1,1
12656,20,568,16,1,1
8374,17,849,28,2,1
20736,14,393,8,4,0
9969,19,697,40,0,1
10341,18,606,19,0,1
15073,1,242,19,1,0
12508,14,789,26,1,1
8472,29,868,45,2,1
12891,11,923,31,1,1
17592,25,1028,30,1,1
11053,5,437,7,1,0
11288,25,666,49,1,1
14169,2,329,15,3,0
11247,10,468,49,1,1
11237,3,215,7,4,0
13801,19,828,21,2,1
12193,30,889,41,0,1
14223,22,872,26,2,1
18365,20,827,47,0,1
16280,24,835,27,1,1
10693,11,577,16,0,1
8372,15,669,17,0,1
10984,30,1155,25,2,1
9632,20,934,19,2,1
13128,24,1012,16,0,1
9047,18,730,42,2,1
11817,21,815,27,1,1
14095,13,905,49,1,1
11748,23,1041,27,1,1
16196,2,381,8,2,0
17355,12,241,8,2,0
7302,26,942,32,0,1
11180,22,986,31,2,1
14298,7,298,14,5,0
12039,21,1056,27,2,1
12451,21,515,33,2,1
13526,21,574,38,0,1
11911,11,896,33,1,1
19039,5,493,7,2,0
10981,18,753,38,0,1
10471,10,711,44,2,1
13968,13,714,42,2,1
10383,23,620,49,2,1
14116,25,791,31,2,1
12047,27,488,48,2,1
10696,11,1026,23,0,1
13546,15,876,27,2,1
10181,12,1058,28,0,1
13595,29,832,40,0,1
15165,2,232,9,3,0
21146,6,95,15,1,0
13321,26,660,25,0,1
13366,23,551,49,1,1
14893,20,603,45,2,1
14415,25,714,32,1,1
13228,20,623,28,2,1
9181,27,1069,19,2,1
18121,11,658,31,0,1
8490,30,878,35,2,1
15967,13,233,18,5,0
13078,23,1047,17,1,1
9064,11,936,45,2,1
11689,22,765,39,1,1
11803,19,1141,31,1,1
15263,17,551,40,0,1
10216,16,611,31,0,1
10285,9,270,5,1,0
6159,28,817,41,2,1
16336,24,963,21,0,1
12652,1,124,13,2,0
17299,12,245,5,3,0
11746,28,999,16,1,1
16382,2,250,5,4,0
14024,16,935,25,1,1
16178,27,648,37,0,1
12628,10,662,49,0,1
13637,10,976,20,0,1
12822,16,824,15,0,1
14543,26,833,47,1,1
11540,10,191,16,4,0
14688,29,718,17,2,1
14776,21,857,33,0,1
14706,29,739,24,0,1
10349,24,627,34,2,1
11579,22,629,25,1,1
9821,10,185,11,2,0
14188,4,323,11,3,0
15987,11,744,46,2,1
11969,30,1113,36,2,1
17060,8,303,13,3,0
10557,13,859,27,1,1
8682,19,1172,20,0,1
10489,20,776,43,0,1
12548,30,895,16,2,1
15708,12,210,12,5,0
12404,15,894,46,1,1
12866,18,650,40,0,1
11157,29,739,40,1,1
13240,22,637,36,1,1
8757,7,132,19,5,0
13761,15,800,37,1,1
14023,13,423,18,1,1
12735,15,902,30,2,1
8242,27,843,47,0,1
9388,22,1140,27,0,1
13137,12,985,27,1,1
11972,19,1022,47,2,1
13099,13,574,28,0,1
16191,24,1023,22,1,1
13815,21,761,40,0,1
15147,24,661,36,1,1
18730,12,397,14,4,0
9981,19,1062,30,2,1
11855,21,743,43,2,1
9988,17,775,37,0,1
15895,30,864,19,2,1
13975,30,1172,35,0,1
13301,12,754,34,0,1
15089,16,796,22,2,1
6949,27,993,40,1,1
13470,12,744,39,2,1
8723,24,633,21,1,1
11981,11,362,36,1,1
11220,24,1067,47,1,1
13654,22,847,19,0,1
12570,29,909,26,1,1
15362,19,702,28,1,1
10495,17,935,21,2,1
13772,25,683,42,0,1
10778,14,314,10,3,0
7911,11,821,16,1,1
9703,18,1025,45,2,1
11625,17,929,28,1,1
14106,7,287,18,3,0
13159,10,920,46,2,1
9081,30,726,42,0,1
9195,5,275,14,3,0
17044,27,910,27,0,1
12278,30,838,36,0,1
16061,3,562,16,1,0
13229,18,696,44,2,1
13908,18,949,29,2,1
10859,10,877,18,0,1
13256,16,886,47,1,1
18183,10,168,5,2,0
13699,3,488,7,5,0
20259,7,322,13,5,0
13904,7,365,9,4,0
10102,15,663,25,2,1
9946,20,708,40,2,1
14363,28,480,28,1,1
11801,28,556,15,1,1
13566,1,344,8,5,0
11234,24,1106,44,1,1
14246,25,811,38,0,1
10480,23,659,18,1,1
11660,17,119,36,2,1
13964,17,1140,22,2,1
14932,11,532,30,2,1
10690,15,505,47,2,1
16899,22,740,47,2,1
12783,22,791,24,2,1
9392,30,802,16,0,1
12922,21,629,18,2,1
11042,11,883,37,2,1
13085,30,695,41,0,1
11892,29,700,47,2,1
12185,21,744,47,2,1
9721,26,664,34,0,1
14475,15,549,27,1,1
5336,8,210,5,3,0
9228,15,578,33,2,1
12918,30,891,46,1,1
16007,13,879,17,1,1
15929,10,312,15,2,0
13752,18,756,42,1,1
14683,14,1033,36,2,1
14036,19,902,33,0,1
11221,24,1112,45,1,1
9272,17,684,34,2,1
6481,13,567,38,0,1
11342,14,999,46,2,1
12369,4,239,17,1,0
9189,15,639,33,2,1
13843,2,226,5,1,0
9624,28,658,39,1,1
12265,19,937,47,1,1
12674,5,274,14,1,0
12436,13,311,6,1,0
13790,12,215,10,4,0
10962,23,615,49,1,1
13762,12,1103,28,0,1
12588,20,1149,38,2,1
10981,2,354,9,4,0
12772,9,233,6,5,0
14652,10,126,15,4,0
20693,1,356,12,2,0
11785,22,747,32,0,1
11810,28,663,16,0,1
12200,14,866,36,1,1
13549,2,190,11,1,0
12927,19,778,45,0,1
6910,21,803,40,0,1
10643,29,493,28,0,1
7169,22,821,42,1,1
16079,10,222,18,4,0
7031,25,782,46,2,1
9821,30,797,35,0,1
8198,10,845,37,0,1
12960,18,590,38,1,1
12001,25,344,26,0,1
12757,28,779,17,0,1
11738,24,754,20,1,1
8514,27,914,26,0,1
13283,21,1279,34,2,1
16805,23,1059,20,2,1
13023,12,388,34,2,1
21364,8,351,15,1,0
8429,15,932,15,1,1
9729,25,747,34,2,1
13132,22,1095,36,2,1
14682,21,289,45,1,1
12652,21,691,45,0,1
17973,7,184,5,1,0
13769,22,813,26,1,1
15893,9,339,15,5,0
10353,22,1036,47,1,1
14686,8,393,8,5,0
9879,28,744,18,1,1
12043,18,992,24,1,1
12827,29,680,48,1,1
16196,10,954,17,1,1
8725,22,654,45,1,1
13203,11,858,45,1,1
15703,24,508,15,2,1
15470,6,442,5,2,0
14082,25,711,19,0,1
19468,5,185,8,5,0
15245,24,607,29,0,1
9281,15,738,15,0,1
8535,23,617,35,1,1
11984,15,944,21,1,1
6597,28,744,25,0,1
13779,10,121,13,5,0
15051,20,743,16,1,1
10916,13,943,44,1,1
11073,18,801,28,1,1
11819,18,748,19,2,1
12130,26,591,45,0,1
12317,17,813,46,0,1
13395,24,947,48,0,1
11568,18,662,24,2,1
14357,14,797,45,0,1
24353,12,457,15,3,0
10482,29,1187,32,2,1
15337,27,862,19,0,1
8604,18,817,31,2,1
14847,1,461,14,4,0
14417,12,976,19,1,1
10192,18,799,35,2,1
12773,18,787,38,1,1
13358,30,785,44,1,1
15735,4,547,5,1,0
11818,30,1099,36,1,1
11608,16,983,16,0,1
10620,16,801,33,0,1
17754,17,779,16,0,1
15832,14,174,7,1,0
14512,10,504,47,0,1
12009,9,210,16,3,0
9283,21,1028,39,1,1
12257,15,722,20,0,1
13622,22,1016,25,1,1
14301,14,793,41,0,1
15905,30,626,22,0,1
19363,28,653,45,0,1
12626,10,849,41,2,1
10342,27,476,19,1,1
13132,17,646,29,2,1
10586,14,303,12,2,0
14314,24,964,29,1,1
8757,28,856,45,1,1
17920,19,837,34,0,1
14140,25,892,17,2,1
7789,20,1006,24,1,1
20459,10,286,17,1,0
14040,25,593,24,1,1
14940,25,837,27,1,1
8819,29,631,35,0,1
22357,7,220,19,1,0
7131,18,837,46,0,1
11776,17,903,23,2,1
14780,19,869,44,0,1
19077,7,319,11,2,0
8232,27,1022,26,2,1
12365,22,606,49,2,1
10488,22,722,38,0,1
13573,24,542,24,0,1
9786,22,889,38,0,1
10068,25,1045,32,2,1
9846,13,305,9,1,0
12424,28,944,27,1,1
11597,19,646,30,2,1
9029,21,929,28,0,1
19309,8,584,14,5,0
12888,6,340,13,4,0
11461,30,581,19,1,1
12670,18,833,25,1,1
12683,16,1080,33,0,1
8989,15,566,24,0,1
17141,10,1151,30,2,1
10822,30,1220,43,0,1
13640,23,937,19,2,1
13923,15,803,32,0,1
11651,21,763,49,1,1
11830,1,343,17,1,0
12614,14,949,38,0,1
8455,20,397,26,0,1
11169,14,743,26,1,1
10468,21,683,49,2,1
10845,12,654,33,0,1
8739,18,658,28,1,1
14816,15,541,37,0,1
16004,11,1109,36,0,1
14445,11,682,25,1,1
15176,21,771,16,0,1
12526,7,214,11,5,0
11823,10,361,17,1,0
10053,18,883,44,0,1
13610,25,737,35,0,1
12567,24,921,47,1,1
11806,23,1114,39,1,1
15237,29,579,21,0,1
13012,13,864,42,0,1
9903,13,858,30,2,1
10297,20,564,17,1,1
13704,30,929,33,0,1
14604,27,747,26,2,1
13379,14,1115,33,1,1
16742,11,999,25,2,1
13649,4,340,12,3,0
13102,20,756,16,0,1
9903,26,1146,40,0,1
8725,25,684,36,1,1
11031,24,852,31,2,1
13883,12,786,48,2,1
16566,29,1038,29,0,1
13043,24,1054,26,1,1
14921,28,908,30,0,1
9572,8,251,18,2,0
16905,8,514,6,4,0
14058,21,553,22,1,1
7051,26,849,39,2,1
10966,25,638,33,1,1
16423,14,197,16,2,0
12686,15,690,26,0,1
18534,8,295,19,4,0
5924,22,1105,43,1,1
11085,30,965,41,2,1
11821,17,698,19,0,1
23829,8,355,7,4,0
12357,18,1388,44,1,1
13265,13,1194,28,0,1
13676,22,860,47,0,1
6110,11,732,49,0,1
8714,12,625,25,0,1
11238,14,676,18,1,1
13430,27,942,47,2,1
13223,30,1262,20,2,1
13179,23,776,42,1,1
11041,11,1039,24,2,1
11180,24,979,40,1,1
17554,11,271,16,2,0
12270,9,417,15,5,0
9698,12,1006,19,2,1
14125,29,983,16,1,1
12519,29,717,47,1,1
11887,14,943,30,0,1
10358,13,1037,21,0,1
8611,21,991,35,2,1
10380,28,1015,49,0,1
15379,11,222,17,2,0
6077,22,1014,36,0,1
18536,12,330,15,3,0
18933,13,351,5,3,0
13418,28,523,39,2,1
10759,11,1127,32,1,1
12117,16,707,49,2,1
10609,14,651,38,2,1
12371,29,842,37,2,1
15850,20,746,47,2,1
16990,13,259,18,2,0
13301,27,978,24,0,1
10767,16,973,29,0,1
13874,19,593,24,2,1
17292,3,229,7,2,0
11369,23,596,43,0,1
13459,29,628,48,2,1
13851,29,679,32,0,1
13674,20,905,16,2,1
12737,11,1202,39,2,1
11510,22,717,35,1,1
13344,22,967,45,2,1
9617,18,959,36,1,1
9888,26,374,23,2,1
12154,24,522,41,1,1
12432,30,1209,39,0,1
7435,25,698,39,2,1
13137,19,890,41,0,1
13931,29,867,24,1,1
11806,21,374,44,1,1
17936,14,663,18,1,1
10292,29,945,35,1,1
11097,26,612,44,0,1
11012,19,724,47,1,1
11809,15,559,40,2,1
11178,30,631,16,1,1
8482,29,694,37,0,1
10633,15,428,45,0,1
11755,21,1034,18,2,1
15071,30,522,34,0,1
15234,11,318,10,1,0
15338,11,651,15,2,1
10061,22,1015,16,2,1
10260,29,553,20,0,1
11601,20,643,21,2,1
16461,24,532,18,1,1
15427,12,421,13,5,0
8681,12,901,19,0,1
10747,23,806,39,1,1
13892,17,843,15,1,1
13724,18,962,48,0,1
11499,24,821,17,1,1
14447,9,209,10,2,0
6317,17,851,46,0,1
12259,20,698,38,0,1
13873,11,373,17,3,0
9917,24,727,15,1,1
9909,24,776,48,1,1
7333,16,927,22,1,1
15974,30,1267,23,0,1
15292,11,375,11,5,0
14319,13,169,17,1,0
13509,21,750,34,1,1
15780,13,650,21,1,1
11615,20,939,49,1,1
10651,30,839,33,2,1
12432,15,576,31,0,1
15210,30,949,32,2,1
11574,19,1169,21,1,1
9612,24,640,41,0,1
8148,10,865,44,2,1
11597,13,337,16,3,0
14160,12,726,34,0,1
11198,20,861,37,2,1
10481,27,771,40,1,1
10210,19,822,28,2,1
12212,30,644,45,2,1
11401,18,1052,41,1,1
10329,14,287,9,4,0
15119,1,161,15,3,0
15845,17,792,24,1,1
16383,4,377,13,1,0
12818,14,910,24,0,1
10057,18,696,16,1,1
11379,10,1154,15,1,1
12773,26,785,32,0,1
11468,19,457,49,0,1
12576,17,918,21,2,1
13682,27,772,36,2,1
20294,3,99,8,4,0
10382,18,977,37,2,1
10427,13,747,23,0,1
8400,11,741,41,0,1
9865,28,549,25,0,1
19508,6,304,5,3,0
10019,26,848,42,0,1
9016,12,682,32,1,1
12799,30,466,48,1,1
11724,28,930,27,1,1
11511,28,938,44,2,1
16426,10,200,9,5,0
13372,28,614,36,0,1
18064,8,255,7,1,0
10938,27,847,44,0,1
10743,26,918,34,0,1
14186,19,923,20,0,1
11229,23,517,47,0,1
13149,7,441,14,4,0
11879,27,558,29,0,1
13182,5,318,9,4,0
17460,20,213,28,2,1
9585,21,939,22,0,1
11595,17,1089,36,2,1
12645,25,673,34,2,1
12418,8,217,7,5,0
14030,1,365,19,5,0
13898,12,106,10,4,0
15815,30,923,37,2,1
13918,13,615,38,0,1
15696,26,712,37,1,1
9383,22,863,18,2,1
12793,14,865,18,0,1
12388,12,821,44,1,1
12877,18,1094,42,1,1
15440,29,1142,45,0,1
11448,27,1158,47,2,1
15586,6,374,8,1,0
13334,28,821,24,2,1
7554,28,1075,39,0,1
11407,30,669,27,1,1
15886,8,302,6,4,0
9699,10,804,44,1,1
14642,14,796,37,1,1
13986,6,322,15,2,0
11660,21,613,22,0,1
12732,10,970,30,0,1
16383,2,365,6,3,0
15751,4,402,8,5,0
14340,27,798,36,2,1
13751,15,935,32,1,1
12308,10,891,25,1,1
9276,26,748,34,1,1
15005,1,260,5,3,0
12266,24,777,24,2,1
10643,21,578,36,0,1
13451,6,421,11,4,0
13864,29,906,49,1,1
11538,11,859,23,0,1
9105,13,606,29,2,1
20177,12,424,17,2,0
9455,28,487,20,2,1
10103,17,827,19,2,1
9551,21,732,17,2,1
12997,11,214,5,1,0
14925,19,917,27,2,1
11987,10,609,18,1,1
10891,14,606,47,0,1
8185,29,927,48,2,1
13380,20,975,47,1,1
10048,18,1171,35,1,1
12293,23,1031,19,0,1
11114,12,895,27,0,1
14095,14,1084,31,0,1
11606,30,814,24,2,1
11852,18,806,24,2,1
13214,27,557,16,0,1
17267,15,1101,35,2,1
7863,13,192,14,2,0
11778,16,780,44,1,1
12007,25,641,32,2,1
10687,17,1045,49,2,1
9625,19,997,36,1,1
10618,14,619,17,1,1
10069,20,902,20,2,1
13633,30,959,30,2,1
9322,22,550,17,0,1
15333,29,928,25,0,1
13880,11,888,31,2,1
12051,23,924,33,1,1
18782,6,161,10,5,0
16849,5,243,5,4,0
12675,19,1047,40,2,1
13679,2,485,18,1,0
10242,28,927,24,1,1
8166,20,886,46,1,1
13758,20,1270,29,2,1
12810,12,827,18,1,1
9199,28,717,42,1,1
10166,10,909,18,2,1
9852,21,1217,27,0,1
10188,24,606,26,0,1
17384,12,160,11,5,0
11333,12,654,43,2,1
18174,12,277,16,2,0
10104,22,609,27,2,1
11428,27,988,49,0,1
12057,13,107,8,2,0
11209,15,541,44,0,1
14896,19,937,19,1,1
13270,26,869,16,0,1
8022,26,990,44,0,1
13309,17,679,49,1,1
11537,13,234,16,2,0
10913,24,935,23,0,1
8262,10,965,31,2,1
12020,16,579,44,2,1
14953,2,483,12,2,0
9195,16,676,21,2,1
8371,10,994,26,2,1
11781,26,932,48,1,1
11614,5,337,17,2,0
10956,26,631,47,0,1
11791,24,662,27,1,1
9243,25,725,25,1,1
10912,23,693,34,1,1
13333,12,873,45,0,1
11125,28,584,47,2,1
18529,10,373,5,3,0
10818,28,1148,23,2,1
9324,27,1021,21,0,1
12667,23,900,23,2,1
12797,29,775,40,2,1
19451,12,337,12,2,0
13897,12,648,19,0,1
9219,21,831,16,2,1
8541,1,79,12,1,0
11878,26,634,45,0,1
8884,14,1124,47,0,1
10713,6,107,11,4,0
12870,28,594,28,1,1
11021,13,758,28,2,1
11758,24,679,29,2,1
16031,28,631,47,0,1
10251,24,1114,45,2,1
12149,23,801,31,1,1
15549,25,1005,29,2,1
17453,1,270,6,4,0
7983,23,895,35,1,1
13263,29,797,43,1,1
9092,20,713,23,0,1
15517,11,1059,43,0,1
9942,28,930,48,0,1
19423,12,763,23,2,1
15668,13,998,44,2,1
13017,5,514,6,5,0
10281,8,397,17,2,0
13884,27,1110,46,2,1
13959,27,704,46,1,1
13105,28,620,21,2,1
15130,21,731,46,2,1
11692,10,808,19,1,1
11083,15,1111,17,1,1
11132,12,723,34,1,1
15916,3,484,11,1,0
12806,1,169,18,5,0
12728,10,893,25,2,1
13988,12,701,27,2,1
6872,13,544,32,2,1
14853,1,36,5,4,0
15706,2,401,17,3,0
16172,17,724,26,1,1
8178,22,806,36,1,1
13825,9,555,10,1,0
12188,15,999,40,1,1
11759,1,499,15,3,0
16189,10,1042,30,2,1
13401,17,1086,48,1,1
11061,12,321,18,2,0
12605,17,721,33,0,1
10791,29,949,44,1,1
11928,18,1139,21,1,1
10211,13,661,41,2,1
12804,5,449,17,3,0
6160,16,929,31,2,1
13072,19,1072,29,0,1
11695,14,825,23,2,1
11159,19,1326,26,1,1
12549,21,632,22,0,1
8416,30,651,16,1,1
18218,10,276,10,3,0
12439,2,365,16,1,0
11635,10,822,45,0,1
9586,12,646,40,0,1
12059,16,1024,16,2,1
15467,20,853,44,0,1
14589,21,593,27,1,1
13915,5,451,16,1,0
13365,10,715,15,1,1
11103,13,820,46,0,1
8374,11,977,20,0,1
11497,11,999,36,2,1
11410,26,983,25,2,1
14621,30,809,37,0,1
12773,11,605,28,1,1
16030,13,736,28,2,1
14993,20,804,34,2,1
10858,28,1109,21,2,1
7512,22,694,33,0,1
15463,30,840,40,1,1
15398,27,553,36,1,1
8584,28,868,20,0,1
14809,10,311,15,2,0
12955,21,774,24,2,1
12401,20,969,33,1,1
16036,10,662,45,2,1
15361,25,1080,24,2,1
13628,22,648,27,0,1
13183,15,1073,31,2,1
12481,14,221,19,3,0
10999,19,861,35,1,1
11862,11,922,34,1,1
9744,12,728,21,1,1
11167,15,855,29,1,1
11083,25,727,29,2,1
16925,4,243,14,1,0
12341,22,850,47,0,1
11190,13,1243,16,1,1
14987,4,389,9,1,0
14876,8,389,10,1,0
17249,11,364,19,3,0
12328,18,824,23,2,1
16002,12,192,5,4,0
11569,20,730,36,2,1
8036,22,695,17,1,1
12891,10,942,16,2,1
13619,28,725,36,0,1
13233,30,795,39,0,1
14596,13,837,39,2,1
12503,14,655,46,0,1
13196,26,921,21,2,1
12390,14,608,45,2,1
13718,28,898,18,1,1
8056,12,880,47,1,1
9766,20,773,29,2,1
17706,3,317,11,1,0
13500,3,210,12,3,0
11649,15,593,45,0,1
14930,28,777,48,2,1
11766,10,957,27,0,1
10987,16,796,46,0,1
12323,11,1050,36,2,1
11117,28,859,43,1,1
12077,10,954,25,1,1
10291,18,943,20,0,1
14771,30,1081,19,2,1
15558,26,538,15,2,1
10773,14,171,12,3,0
16334,9,280,19,3,0
10690,12,960,38,2,1
11540,29,833,21,0,1
13263,24,798,36,0,1
13028,12,255,19,1,0
10077,29,732,36,1,1
13276,15,723,47,0,1
14347,12,904,39,2,1
10446,19,1278,45,2,1
8666,21,796,30,0,1
20210,10,670,29,0,1
13958,25,686,43,0,1
15998,8,295,19,5,0
11000,8,512,10,5,0
11688,21,726,40,2,1
14167,28,860,49,1,1
12398,17,781,37,0,1
12228,17,537,23,1,1
11716,19,734,48,2,1
8381,19,305,32,1,1
16845,27,835,30,2,1
9646,19,897,46,2,1
8599,16,630,42,1,1
11467,13,691,46,1,1
9596,10,531,32,0,1
11870,20,356,48,2,1
19911,6,253,6,5,0
14488,14,930,35,0,1
14036,17,737,15,2,1
10152,14,287,14,5,0
12123,11,1208,47,0,1
13019,23,999,35,0,1
19628,12,163,8,2,0
13426,19,703,41,1,1
8356,22,1111,34,1,1
15005,5,293,19,3,0
10988,23,978,30,2,1
11537,11,799,28,0,1
23130,4,406,18,1,0
10425,28,1103,46,0,1
17685,10,974,16,2,1
16845,2,323,9,4,0
17128,5,256,13,3,0
15760,22,555,46,2,1
14983,27,952,31,2,1
11296,19,834,48,2,1
12766,14,879,21,2,1
11962,10,986,43,2,1
16931,23,944,31,0,1
10009,25,625,38,2,1
12365,27,804,22,1,1
10929,12,882,37,2,1
15065,4,383,7,2,0
15950,11,348,10,3,0
9046,16,598,33,1,1
12550,22,931,19,1,1
7648,18,928,37,1,1
11002,12,1121,40,0,1
13054,26,489,38,1,1
9938,24,979,35,1,1
13467,19,875,47,1,1
11327,24,589,40,0,1
14900,10,446,24,2,1
15404,30,988,43,1,1
10533,19,603,49,0,1
12191,16,537,42,0,1
12458,16,890,26,0,1
13548,12,798,21,2,1
12035,16,914,30,0,1
9827,1,345,18,4,0
11391,17,1469,43,1,1
12288,12,944,49,1,1
15244,14,931,42,2,1
13615,22,623,21,0,1
13753,22,1112,36,1,1
13807,17,698,28,1,1
11615,27,617,24,1,1
12797,16,757,16,2,1
9287,19,888,36,1,1
15172,19,707,30,0,1
5042,20,624,49,0,1
12179,6,297,18,4,0
14852,22,841,47,2,1
8590,17,912,48,2,1
12999,26,928,47,0,1
22820,13,358,14,2,0
11077,26,633,34,2,1
14364,28,986,24,0,1
15318,7,226,12,2,0
6914,18,840,26,2,1
9558,29,1325,24,1,1
14438,19,349,21,1,1
13122,18,774,25,1,1
12619,9,438,19,2,0
16206,12,603,47,2,1
13649,5,144,5,4,0
18258,16,559,39,2,1
12061,27,915,45,0,1
9593,22,665,15,0,1
14040,10,272,17,2,0
6358,25,979,23,0,1
16017,25,911,16,1,1
15986,30,994,15,1,1
9461,19,1151,19,2,1
11430,18,814,26,2,1
12239,17,1223,28,0,1
9599,28,838,46,2,1
7612,12,1063,23,0,1
16283,5,336,11,5,0
11197,11,968,39,2,1
11028,28,714,28,0,1
12556,17,1067,23,1,1
15573,27,1030,41,0,1
14465,2,406,14,3,0
12426,14,831,39,1,1
13805,5,204,10,4,0
15352,11,402,14,4,0
10463,24,968,43,2,1
13263,11,246,9,2,0
13368,12,1234,27,2,1
13653,7,213,16,1,0
15158,25,753,17,0,1
15578,25,1039,44,0,1
10193,24,695,25,1,1
12484,18,1061,16,0,1
13605,26,564,23,2,1
10635,30,755,47,1,1
13204,21,782,40,2,1
12408,17,691,30,2,1
8330,23,652,39,2,1
13147,27,702,15,0,1
9249,21,693,35,0,1
14348,23,706,34,1,1
10321,29,1086,19,1,1
11596,14,886,31,0,1
15430,10,782,15,0,1
13240,22,952,27,2,1
9301,23,780,32,0,1
9462,11,641,18,2,1
10501,25,478,28,0,1
14172,2,509,17,4,0
12895,10,354,47,0,1
9892,21,498,40,0,1
9081,28,900,18,1,1
12703,19,796,44,1,1
11545,21,1091,31,2,1
17393,28,671,42,1,1
12091,25,953,20,1,1
16535,26,764,41,0,1
9074,22,909,21,2,1
8066,16,833,15,1,1
9199,12,900,24,1,1
14972,14,842,27,0,1
16390,13,858,46,0,1
16080,2,326,16,2,0
10848,26,815,47,2,1
11998,14,273,13,5,0
7470,23,789,23,2,1
13796,13,779,20,0,1
12557,26,423,24,1,1
12026,20,1106,25,2,1
8499,15,526,34,0,1
16099,13,676,39,0,1
10741,22,642,26,1,1
13334,29,859,36,1,1
8363,24,868,26,1,1
11523,27,931,28,0,1
12728,26,940,28,1,1
12817,28,1144,16,1,1
17430,6,448,14,3,0
13236,14,633,20,2,1
9173,21,753,39,2,1
12493,24,578,17,0,1
20707,2,318,6,1,0
12579,17,489,23,0,1
12294,9,384,12,1,0
8816,26,462,42,0,1
8705,15,1041,39,0,1
6464,25,822,49,1,1
14043,14,1176,15,2,1
14069,23,1022,16,2,1
16197,7,258,17,4,0
11039,13,419,7,2,0
6667,15,898,37,0,1
9433,20,620,49,1,1
12426,11,693,22,1,1
15424,6,228,12,4,0
11443,14,452,35,1,1
18511,8,417,13,3,0
10034,11,345,7,3,0
12301,28,701,49,2,1
10402,14,652,32,1,1
15499,9,270,18,1,0
10923,25,949,24,1,1
11417,3,222,17,1,0
10072,20,754,44,1,1
11128,26,803,47,2,1
13352,2,288,16,5,0
11894,27,1061,23,1,1
11534,13,705,31,2,1
8878,28,783,38,1,1
13963,18,1048,27,0,1
10536,4,304,11,5,0
11624,4,145,18,3,0
15700,25,621,31,0,1
13271,19,627,44,1,1
18337,9,440,6,2,0
7576,25,873,27,0,1
15256,11,292,16,4,0
8968,26,783,35,1,1
13621,27,931,48,2,1
17349,3,302,12,5,0
12413,29,1097,44,2,1
10233,18,1026,43,1,1
16353,15,650,43,1,1
19106,15,509,33,1,1
11303,20,674,22,2,1
12882,29,833,31,0,1
12243,12,651,26,0,1
11350,21,474,29,2,1
9919,24,556,19,0,1
9287,16,1401,48,0,1
18931,5,175,9,4,0
13013,24,1160,19,1,1
10700,17,753,48,0,1
5554,18,958,23,1,1
13112,24,771,38,0,1
11904,25,801,19,2,1
15366,29,955,41,2,1
12932,12,719,34,1,1
15941,11,215,18,1,0
6425,12,638,37,1,1
10201,11,637,48,1,1
10437,11,816,43,2,1
14476,1,435,11,3,0
11977,12,861,44,2,1
14834,18,1053,17,1,1
17548,6,365,17,3,0
14413,18,669,48,2,1
13802,28,1193,15,0,1
6954,21,1094,20,0,1
15306,25,885,20,0,1
12233,10,650,30,1,1
15864,3,397,19,4,0
9837,19,598,19,2,1
15188,13,535,39,2,1
9035,20,890,41,1,1
12175,4,284,6,2,0
18362,9,343,15,1,0
9564,15,917,40,0,1
16958,24,1092,42,2,1
12578,11,931,42,0,1
13634,30,700,44,2,1
17933,7,252,18,1,0
14188,5,201,18,1,0
8938,20,668,33,1,1
14562,30,619,27,2,1
21298,7,334,11,5,0
10452,12,1175,37,1,1
13971,18,580,28,2,1
14568,12,435,24,1,1
8821,11,1138,48,0,1
14726,15,806,37,2,1
14612,15,775,35,0,1
9655,26,861,34,0,1
15996,17,887,46,1,1
8357,10,842,28,0,1
10438,17,498,38,2,1
13197,24,483,32,1,1
9866,27,654,44,0,1
12659,22,697,42,0,1
18398,8,160,16,4,0
11532,29,845,35,1,1
14081,27,744,48,2,1
11429,22,663,19,1,1
12578,23,878,45,0,1
15239,10,358,7,4,0
13976,15,638,37,0,1
12036,6,302,15,5,0
9127,16,836,44,0,1
13311,10,715,21,1,1
9803,24,967,19,0,1
8796,15,602,20,0,1
11820,14,558,28,1,1
9739,21,673,25,1,1
13976,12,903,16,0,1
14036,29,729,45,2,1
7243,23,782,41,0,1
9929,15,700,30,0,1
8350,13,1003,16,2,1
10843,24,896,40,0,1
13137,26,495,30,1,1
11394,14,980,23,1,1
10525,15,918,23,2,1
15250,19,1016,19,0,1
6237,18,694,21,1,1
15092,13,612,46,0,1
10639,18,783,43,2,1
11804,17,832,17,1,1
12494,11,355,15,5,0
15857,29,927,45,0,1
21233,3,205,12,1,0
12029,29,774,20,0,1
13318,14,803,43,2,1
7972,12,721,23,1,1
9700,13,935,34,2,1
11629,28,509,25,1,1
9783,24,801,33,0,1
9961,28,1008,24,0,1
19494,1,277,5,5,0
14061,10,295,10,5,0
11143,23,584,20,0,1
14696,14,699,45,0,1
9505,10,1005,32,2,1
8870,28,1090,35,2,1
16815,14,871,29,1,1
10355,12,866,45,0,1
8722,26,1157,24,1,1
7644,16,526,20,1,1
14687,26,455,38,1,1
11146,22,415,47,2,1
11365,23,629,42,1,1
11601,21,656,42,1,1
14532,20,876,24,1,1
11551,10,1001,37,2,1
17860,12,981,29,2,1
12334,21,975,28,0,1
14654,18,608,28,2,1
14013,11,876,21,2,1
15179,4,84,11,4,0
10124,1,339,12,3,0
12829,12,808,47,2,1
13275,21,976,36,0,1
19505,7,383,18,3,0
12415,30,793,40,2,1
15090,16,579,29,1,1
17174,10,473,32,1,1
14135,12,620,22,0,1
16656,20,1013,17,2,1
10426,22,896,28,0,1
14748,11,330,10,5,0
21762,11,403,6,1,0
9759,13,943,15,1,1
14450,12,276,11,2,0
16344,20,997,24,0,1
9562,18,877,33,1,1
8647,22,511,25,0,1
17367,2,239,13,5,0
14991,24,539,16,1,1
13080,22,902,17,2,1
11885,30,823,29,2,1
15251,7,88,10,2,0
12704,10,882,16,1,1
15949,17,961,44,1,1
12596,14,685,19,0,1
17417,25,956,20,2,1
13386,7,289,5,2,0
16399,1,467,18,1,0
11067,27,780,18,2,1
9287,11,1034,38,1,1
11617,22,617,39,0,1
13043,25,623,40,0,1
15315,13,309,5,3,0
17426,28,825,35,1,1
13161,12,769,37,2,1
14875,28,857,26,1,1
12165,26,567,35,0,1
16195,18,656,27,0,1
17996,30,1054,47,1,1
13327,30,874,20,1,1
9518,26,924,26,2,1
10627,10,748,44,0,1
12704,13,858,32,0,1
17024,7,368,17,4,0
13746,21,429,21,1,1
13150,26,1007,15,0,1
12017,21,836,42,1,1
10409,25,653,17,2,1
13002,22,800,24,1,1
18408,3,403,8,1,0
14549,24,1099,29,2,1
13336,25,934,20,1,1
14573,15,570,30,2,1
11072,20,543,32,1,1
10729,24,850,49,0,1
17332,1,372,12,2,0
10623,2,412,7,2,0
10944,11,771,47,2,1
15020,10,670,33,0,1
10811,24,901,25,1,1
16321,12,389,10,3,0
16856,29,1051,15,2,1
10871,15,946,39,1,1
12383,21,632,46,2,1
14689,9,182,18,1,0
13531,11,238,13,3,0
15088,23,610,30,0,1
13592,13,442,25,2,1
15895,17,1249,36,0,1
18487,6,363,13,5,0
12247,23,774,27,2,1
12098,29,843,35,2,1
12659,22,822,26,2,1
8363,14,295,40,1,1
12277,21,766,15,2,1
9375,9,364,10,2,0
12895,30,757,41,2,1
6678,28,1127,46,1,1
7371,22,806,22,2,1
14046,18,729,48,1,1
10632,20,828,32,0,1
16244,3,230,15,2,0
15177,22,803,15,2,1
9203,6,213,10,3,0
9729,14,211,5,5,0
11584,24,912,37,0,1
18699,29,818,45,1,1
10488,21,1132,42,2,1
16361,13,793,30,0,1
11846,14,497,23,2,1
7863,17,864,16,1,1
13207,14,815,16,2,1
12786,10,713,46,0,1
9371,27,923,30,1,1
9694,28,899,27,0,1
11938,28,560,41,2,1
12874,19,706,45,2,1
5823,18,1018,47,1,1
17637,7,441,11,1,0
10763,29,765,33,0,1
14453,9,261,16,2,0
14352,22,569,33,1,1
11940,15,780,49,2,1
15040,15,773,49,2,1
13094,27,735,47,2,1
11996,14,493,17,0,1
11618,26,799,35,1,1
13206,12,676,37,0,1
10966,14,1013,25,1,1
16812,11,242,12,1,0
10148,11,256,17,5,0
11638,24,720,29,0,1
12083,26,825,42,0,1
14723,24,720,22,1,1
11715,14,496,38,2,1
13604,3,406,14,2,0
18253,9,458,7,3,0
13076,23,948,37,1,1
16883,4,313,5,1,0
14251,12,634,28,0,1
10552,29,956,16,2,1
10855,19,571,49,1,1
16401,2,200,8,4,0
13367,8,431,13,4,0
13486,12,179,11,5,0
15266,29,498,42,0,1
7753,22,908,46,2,1
13960,21,642,21,2,1
8836,28,896,36,2,1
16714,28,874,16,0,1
16307,5,480,11,1,0
14880,14,809,21,0,1
11795,29,566,35,2,1
11083,30,1098,36,2,1
12463,18,774,49,1,1
13579,13,773,32,2,1
9738,24,1076,23,0,1
9960,12,622,16,1,1
13624,16,790,31,0,1
7731,29,833,34,2,1
10539,29,753,20,1,1
19601,23,854,25,1,1
9579,23,683,19,1,1
18791,3,343,17,5,0
10535,12,826,37,1,1
13272,18,1073,47,1,1
13635,30,1131,48,0,1
14822,13,833,31,0,1
19800,8,261,14,3,0
16972,15,654,41,2,1
17271,13,293,10,1,0
12585,27,751,33,0,1
12613,22,793,22,1,1
9195,16,906,31,2,1
11285,12,970,15,1,1
12403,15,765,21,0,1
10919,12,398,17,0,1
18102,21,931,33,1,1
9903,14,617,41,2,1
14948,26,954,17,2,1
14141,19,950,48,1,1
17839,6,329,9,2,0
9836,13,980,30,2,1
10079,19,701,28,2,1
10705,16,1074,44,1,1
15273,13,383,8,2,0
9491,30,762,26,0,1
8293,17,1028,41,1,1
16931,10,422,19,3,0
13546,14,379,43,0,1
13964,14,550,37,0,1
13472,16,1087,36,1,1
12417,13,849,34,1,1
15651,11,834,30,0,1
13378,4,189,19,4,0
12266,11,859,17,2,1
13867,25,744,35,2,1
8696,21,712,19,2,1
19741,24,564,34,2,1
12071,19,586,37,2,1
12354,15,834,46,1,1
16029,3,141,13,5,0
14287,15,897,17,2,1
12095,11,782,41,2,1
12325,23,587,41,0,1
8239,27,849,24,2,1
13480,1,302,10,3,0
13293,28,803,38,0,1
13109,23,831,37,0,1
15052,22,1193,23,2,1
11698,17,561,16,0,1
8531,14,608,20,2,1
10043,7,204,11,5,0
15590,15,818,21,2,1
16633,4,415,17,5,0
11590,20,844,35,0,1
14610,25,788,37,0,1
13560,6,269,19,2,0
12287,21,894,27,0,1
8720,26,859,19,0,1
10534,11,1121,15,2,1
13563,19,922,34,2,1
7987,24,787,15,2,1
12423,28,343,49,1,1
12950,29,985,21,1,1
13263,14,393,19,4,0
15275,28,1064,48,1,1
14161,28,342,19,0,1
6593,22,841,43,1,1
14302,22,931,41,0,1
19847,5,364,19,5,0
12105,8,314,13,4,0
7674,12,812,23,2,1
10058,13,596,15,2,1
14478,8,172,10,5,0
6962,12,877,31,1,1
11992,18,956,46,0,1
10005,17,482,44,2,1
18563,27,859,29,1,1
13800,4,361,8,3,0
15234,23,853,17,1,1
8077,29,570,42,2,1
10674,14,511,19,0,1
12242,12,1162,16,2,1
9729,19,523,30,1,1
10944,20,672,31,2,1
15344,10,224,15,4,0
11415,17,383,40,2,1
16637,18,957,21,2,1
15687,10,260,6,2,0
13198,29,595,30,1,1
15806,8,292,16,5,0
13531,13,532,22,0,1
11792,25,889,41,2,1
11198,18,804,40,1,1
12417,18,811,45,1,1
14892,30,788,32,1,1
14815,14,825,16,0,1
11399,12,344,37,0,1
13919,23,625,36,1,1
12747,8,440,18,3,0
12084,15,1021,32,2,1
10570,9,225,11,1,0
11545,19,802,17,2,1
15353,23,1171,37,0,1
13834,9,250,19,1,0
12338,18,1082,18,1,1
8381,28,802,40,1,1
11226,21,648,33,0,1
17344,6,491,15,2,0
9927,22,700,36,1,1
12054,26,1100,20,2,1
10927,11,847,15,2,1
12199,29,937,30,0,1
12303,18,651,21,0,1
6170,4,295,13,5,0
11003,17,981,49,2,1
12193,16,1025,28,1,1
14960,14,532,18,1,1
12641,28,961,29,1,1
10345,12,770,37,2,1
12997,22,873,33,0,1
16268,15,694,28,2,1
14291,20,1105,41,1,1
13368,13,852,36,1,1
13813,12,682,25,0,1
15599,13,702,18,2,1
14689,12,971,46,1,1
13416,22,944,38,0,1
14671,24,816,48,1,1
9295,21,722,17,0,1
8244,24,991,16,2,1
12392,20,694,37,0,1
13560,10,293,12,5,0
12835,7,304,14,3,0
14064,21,875,49,1,1
7342,15,783,17,2,1
10663,29,711,46,1,1
10787,28,757,45,1,1
7909,28,1049,45,2,1
13076,9,269,17,5,0
8601,25,670,26,2,1
12292,3,214,10,3,0
23094,5,183,11,3,0
13615,12,852,43,1,1
9229,12,10,39,1,1
17591,11,266,7,2,0
12724,16,818,17,0,1
17832,28,275,44,0,1
13009,12,1256,31,0,1
11646,30,622,44,0,1
9858,10,896,33,2,1
8969,6,202,17,5,0
9935,30,853,48,1,1
20422,11,150,8,1,0
19924,2,156,9,1,0
13413,11,536,19,2,1
15785,27,704,38,0,1
6103,24,820,45,0,1
15197,24,794,38,1,1
12138,19,609,35,0,1
14625,3,87,16,2,0
14354,13,395,12,1,0
18430,13,193,15,5,0
15450,1,129,5,1,0
17961,15,847,24,2,1
14508,18,1132,17,0,1
16164,11,307,19,4,0
11519,24,1075,39,1,1
10499,12,266,16,0,1
10047,28,987,27,2,1
14486,9,230,5,3,0
15262,11,376,9,1,0
14951,13,258,19,5,0
22750,10,374,18,5,0
11561,20,951,22,0,1
12329,16,1156,19,1,1
12906,10,424,41,0,1
11962,21,1037,38,1,1
10546,13,774,48,2,1
7091,17,668,42,0,1
18852,2,91,7,1,0
9568,20,875,19,1,1
13165,17,1116,27,1,1
16286,3,207,13,1,0
17311,2,274,19,2,0
13892,30,797,44,0,1
11666,13,471,33,2,1
10695,21,764,36,1,1
10132,17,667,32,0,1
8231,19,597,40,2,1
13221,6,258,15,2,0
11563,22,736,42,0,1
15770,5,196,16,4,0
11029,7,267,11,1,0
9832,12,519,34,2,1
12107,25,1041,18,0,1
14668,21,877,18,2,1
11130,14,856,29,0,1
6368,27,974,48,2,1
11527,17,795,25,1,1
15708,9,192,11,5,0
13841,10,385,18,1,0
10431,12,924,49,1,1
12543,25,876,25,0,1
12165,19,962,16,2,1
11937,26,820,29,0,1
13031,19,600,42,2,1
10906,5,443,17,1,0
10783,11,1074,46,2,1
15450,23,806,48,0,1
13398,18,574,36,0,1
14067,26,555,43,1,1
15065,13,532,22,0,1
13314,24,964,36,1,1
14320,22,861,26,1,1
8051,28,1168,37,0,1
12510,18,915,16,0,1
11543,13,927,26,1,1
16194,30,1197,35,0,1
13232,8,317,6,1,0
10423,24,499,45,2,1
12931,23,910,23,0,1
12419,12,751,29,0,1
13135,26,859,46,1,1
9452,17,1044,23,2,1
12900,23,952,38,2,1
11429,22,1103,22,0,1
12706,24,618,42,1,1
15505,3,226,15,4,0
10537,24,645,46,0,1
14886,12,205,9,4,0
9371,30,889,43,1,1
9555,18,901,32,1,1
11871,24,683,37,0,1
10070,10,693,47,0,1
9787,21,881,23,2,1
7905,1,231,11,1,0
8237,10,1116,30,1,1
9480,28,871,17,0,1
13118,3,321,13,3,0
14877,7,123,13,3,0
10133,26,1050,16,2,1
13045,22,842,33,2,1
13418,18,722,38,1,1
14486,17,935,30,0,1
11682,24,752,16,2,1
14441,27,728,46,0,1
6903,11,788,15,2,1
9359,30,933,32,0,1
12409,11,755,46,1,1
12824,20,792,23,2,1
9720,10,828,17,2,1
12648,27,723,38,1,1
13205,2,288,5,2,0
11307,16,1168,42,0,1
14561,30,739,30,2,1
14272,26,640,43,0,1
9507,25,707,26,0,1
9356,16,889,18,0,1
9661,5,226,9,3,0
11933,11,544,18,1,1
10355,14,768,25,0,1
14601,23,881,16,2,1
12868,17,996,45,0,1
13015,21,1151,17,1,1
8833,16,710,39,1,1
14918,15,675,48,2,1
5000,22,749,15,2,1
14085,21,610,19,1,1
14335,26,659,45,2,1
16531,12,400,14,5,0
15182,10,865,26,0,1
11842,16,633,30,1,1
12156,12,964,22,0,1
12848,15,1029,25,2,1
19966,30,574,28,0,1
12446,3,367,8,4,0
13752,12,692,32,2,1
9717,17,719,22,2,1
12358,23,1053,47,1,1
15997,5,378,10,2,0
14055,14,883,44,1,1
12351,24,883,34,0,1
12342,10,402,17,2,0
12202,19,749,41,2,1
11696,3,231,16,1,0
12378,27,875,20,1,1
9852,15,513,19,0,1
12068,26,681,28,0,1
13876,13,802,28,2,1
11867,30,712,48,1,1
12748,8,276,11,4,0
8513,13,131,13,3,0
13742,22,521,34,2,1
9232,10,1076,22,1,1
12651,18,736,40,0,1
15293,14,786,35,1,1
13434,20,604,41,1,1
12144,30,846,46,1,1
13599,30,939,31,2,1
13131,13,616,15,2,1
13884,29,621,41,1,1
19612,2,295,5,4,0
8116,27,519,49,2,1
13216,13,161,7,5,0
8236,11,951,15,1,1
13003,26,513,36,1,1
11119,19,976,31,2,1
9509,22,976,26,1,1
12874,24,231,27,1,1
12502,18,579,39,1,1
14034,8,217,15,4,0
14902,9,443,6,1,0
20738,9,329,19,2,0
12881,27,615,27,2,1
10347,12,1124,40,0,1
13998,13,659,31,1,1
13414,30,632,38,1,1
12089,22,567,38,1,1
16713,9,410,16,5,0
10507,20,980,45,1,1
9935,17,619,30,1,1
13898,23,841,30,1,1
11440,23,840,44,0,1
13334,13,408,15,2,0
12037,6,344,9,5,0
12663,10,981,47,1,1
8426,11,854,38,1,1
15215,29,1009,44,0,1
12302,10,579,42,1,1
11493,20,711,16,2,1
13077,15,580,27,0,1
12591,24,909,24,0,1
13917,21,1044,27,1,1
13344,14,738,33,0,1
13794,21,856,20,1,1
14083,7,342,17,5,0
14209,23,804,23,2,1
11598,28,465,31,0,1
9192,14,812,18,0,1
16169,12,415,20,1,1
15009,13,304,11,1,0
10817,15,789,40,2,1
7658,18,782,25,0,1
12846,16,1181,22,2,1
12372,30,813,17,1,1
8212,27,478,16,2,1
13133,11,713,32,0,1
10754,29,1189,16,2,1
18725,19,620,40,2,1
10576,21,711,26,0,1
10912,11,1109,40,1,1
9813,22,645,30,2,1
15194,17,780,28,0,1
11068,16,1070,16,2,1
10187,12,685,35,2,1
13767,17,640,21,2,1
8549,30,431,25,1,1
13562,10,579,43,2,1
16453,24,623,42,0,1
13662,5,150,8,1,0
13594,21,871,18,2,1
14175,20,791,41,1,1
16274,25,553,20,0,1
15024,13,1072,48,1,1
13099,11,579,32,1,1
14259,12,1160,44,0,1
9785,13,830,47,0,1
13940,27,1009,34,1,1
9486,21,905,19,2,1
11082,10,1101,49,1,1
5000,12,791,33,0,1
13003,13,746,26,1,1
12948,12,187,18,1,0
14777,26,744,33,2,1
12975,17,890,25,2,1
14810,27,1109,34,2,1
9291,25,461,23,2,1
14595,30,784,34,2,1
17264,15,1240,41,0,1
14064,5,407,7,5,0
13975,30,1002,24,2,1
12423,17,974,23,0,1
10688,13,512,39,1,1
15022,7,53,5,1,0
8234,17,843,46,2,1
15543,8,200,9,4,0
7572,28,274,41,1,1
10240,10,475,36,1,1
13605,30,754,42,0,1
13263,30,728,32,2,1
12127,13,623,37,1,1
12426,19,636,45,1,1
7285,17,936,48,2,1
11068,12,631,21,0,1
7936,8,417,19,1,0
10352,18,999,35,2,1
13498,12,968,20,0,1
9848,13,704,49,0,1
10488,15,506,37,0,1
6782,18,975,17,1,1
11264,11,612,47,1,1
9280,11,1058,37,0,1
16231,8,352,16,3,0
9622,30,761,39,2,1
12261,12,887,30,2,1
11638,12,409,39,0,1
15049,5,411,12,3,0
13243,15,758,22,1,1
7400,10,833,17,2,1
8837,24,684,19,2,1
12138,20,765,33,1,1
9675,19,1119,21,1,1
5000,13,745,36,0,1
15373,23,716,40,0,1
13800,11,936,39,0,1
16670,2,220,13,5,0
10481,25,1110,19,0,1
13069,21,396,36,1,1
10239,14,707,45,1,1
12512,28,515,36,1,1
9698,12,1046,25,2,1
10090,3,247,13,1,0
20807,6,299,13,2,0
15080,30,538,36,0,1
12097,11,700,30,2,1
10776,26,600,29,0,1
12417,30,798,22,0,1
18144,6,298,11,1,0
15416,10,514,27,0,1
12782,28,572,44,2,1
13847,4,324,10,3,0
12139,20,769,23,0,1
16541,17,545,26,2,1
15369,26,705,39,0,1
14271,29,497,35,0,1
13989,15,701,33,1,1
13748,16,605,22,0,1
14896,30,862,17,1,1
7473,11,194,16,5,0
8612,16,269,15,0,1
12172,20,821,33,1,1
9956,19,339,35,0,1
9362,17,801,27,0,1
10199,19,1118,41,0,1
18213,20,730,31,1,1
12065,11,291,6,3,0
12904,26,947,44,1,1
8944,20,954,25,2,1
17081,2,327,16,4,0
9952,14,887,42,1,1
15595,19,649,40,2,1
12835,29,928,47,2,1
13496,14,1097,46,2,1
13846,29,896,39,1,1
10521,18,838,38,2,1
15469,12,465,41,0,1
10417,12,587,36,0,1
15515,19,656,34,0,1
16940,7,330,15,4,0
12946,1,381,19,2,0
10129,17,614,43,2,1
7537,21,973,19,0,1
14908,18,720,31,2,1
11938,20,576,43,0,1
6429,28,615,25,1,1
12939,29,813,36,2,1
10657,26,743,45,1,1
8290,22,808,15,2,1
16194,10,750,29,2,1
12268,10,1143,33,2,1
19851,7,310,12,4,0
11001,22,627,23,1,1
8216,15,410,27,0,1
15554,1,331,14,3,0
15212,25,572,20,1,1
10815,19,454,16,0,1
12055,16,927,43,1,1
6889,30,797,26,1,1
8704,12,1024,37,0,1
11624,10,568,18,4,0
12944,25,756,25,0,1
16383,13,545,19,2,1
15357,22,674,24,2,1
11423,10,441,20,1,1
13182,14,1007,30,2,1
11208,27,536,45,1,1
17137,21,844,37,0,1
14872,20,750,44,0,1
12424,18,877,34,0,1
12500,16,806,39,2,1
15612,23,535,49,0,1
13448,12,733,19,0,1
15896,25,1053,17,1,1
19991,4,315,13,1,0
13153,10,1031,26,1,1
10711,15,932,41,1,1
16390,15,827,19,0,1
12939,4,261,19,2,0
12082,21,854,18,2,1
15839,28,697,42,2,1
16457,15,1020,21,2,1
19708,5,253,8,2,0
14797,2,280,10,5,0
18580,9,524,6,2,0
11463,18,865,29,2,1
14164,29,943,45,1,1
11115,28,622,29,2,1
16337,11,318,12,3,0
15523,18,843,45,0,1
12048,28,992,41,0,1
7762,17,750,16,0,1
12918,13,1087,23,0,1
10259,14,740,15,1,1
17493,14,231,10,2,0
17614,4,130,5,1,0
15678,27,690,16,2,1
14268,28,693,15,2,1
19140,7,222,8,2,0
21111,6,385,9,4,0
15441,3,264,7,2,0
16921,14,821,15,2,1
10278,17,1184,15,1,1
16499,14,939,45,2,1
10626,20,732,25,1,1
9870,22,1020,19,2,1
12740,15,752,49,0,1
13789,14,920,25,0,1
14279,27,908,18,0,1
14688,7,140,7,5,0
13086,25,655,42,2,1
10286,23,794,22,2,1
8277,24,705,34,0,1
9678,12,852,35,2,1
10122,12,884,49,2,1
13303,21,405,46,0,1
14880,24,867,19,2,1
8316,20,1385,18,1,1
12879,19,736,21,2,1
9058,29,997,48,0,1
12377,4,264,5,1,0
10443,27,471,21,0,1
9371,23,899,38,0,1
11496,10,266,5,1,0
10532,23,760,23,1,1
11210,25,508,33,1,1
6450,11,888,34,0,1
14366,28,731,42,2,1
14052,14,1069,46,1,1
16569,1,403,9,5,0
8181,20,981,30,2,1
15023,30,884,31,0,1
10334,28,628,25,1,1
15832,3,366,6,5,0
15960,6,163,6,3,0
10240,21,847,20,1,1
13855,18,586,46,0,1
13405,12,610,19,0,1
12975,15,998,29,2,1
12705,30,643,30,2,1
12940,30,915,31,2,1
12679,10,1043,29,2,1
11870,26,639,49,0,1
15878,4,318,19,4,0
8718,27,974,49,0,1
10291,5,325,12,3,0
14055,11,712,28,2,1
13745,13,1085,37,1,1
14792,10,746,34,0,1
19434,10,183,19,1,0
7327,14,477,38,2,1
12745,1,502,6,5,0
9522,18,623,26,1,1
15393,8,247,12,4,0
17654,8,276,10,4,0
10806,22,1060,46,0,1
12918,10,481,6,4,0
6056,10,693,47,2,1
13750,26,1106,43,1,1
9136,14,314,14,3,0
13515,17,675,31,1,1
11492,12,1020,24,1,1
11863,26,803,15,1,1
16857,7,205,19,1,0
12225,27,859,42,1,1
13031,9,559,17,4,0
9897,20,593,39,1,1
16207,25,1028,48,2,1
8282,13,501,17,0,1
13795,27,636,43,2,1
11747,16,620,49,1,1
16752,20,771,24,2,1
11114,8,502,9,4,0
11100,25,1054,15,1,1
11380,12,904,46,2,1
12099,18,797,36,2,1
9143,17,624,33,2,1
10082,16,1080,49,0,1
15562,14,286,7,4,0
9692,20,749,48,1,1
17339,7,374,15,4,0
12750,13,755,17,2,1
7051,14,969,36,1,1
11656,17,1026,43,0,1
13408,19,614,28,1,1
11592,26,669,44,1,1
10868,2,511,10,2,0
10969,18,863,43,0,1
18426,12,369,15,1,0
10408,17,525,17,1,1
12434,24,590,36,1,1
12795,8,203,6,3,0
10140,14,906,37,2,1
11204,27,611,21,0,1
11870,10,722,34,2,1
10281,11,655,21,0,1
15675,1,356,9,3,0
16888,13,312,10,1,0
10672,28,654,29,0,1
14045,30,564,27,0,1
12869,12,451,9,2,0
9947,27,747,39,0,1
13728,5,333,18,2,0
14265,17,1003,30,2,1
12526,13,563,15,2,1
9996,20,996,17,0,1
13140,19,942,34,2,1
10994,25,693,42,2,1
17692,3,361,17,2,0
18768,9,365,7,1,0
5486,20,881,28,2,1
12277,25,1285,29,1,1
7660,12,846,46,2,1
18104,19,731,32,0,1
10829,30,537,36,2,1
16200,13,359,17,1,0
11911,16,999,25,1,1
9992,24,658,21,2,1
9694,24,908,23,2,1
15964,19,747,15,0,1
17301,13,341,10,1,0
16858,15,897,25,2,1
12138,27,421,19,2,1
12719,14,761,43,0,1
17056,10,395,8,5,0
15938,11,237,12,5,0
9395,12,801,21,1,1
12210,24,773,26,1,1
10026,29,1182,47,0,1
13104,15,876,33,0,1
12425,13,544,33,0,1
12719,24,626,35,0,1
16187,27,818,33,1,1
11905,18,1051,23,1,1
13891,29,932,36,1,1
17128,13,998,33,0,1
10901,1,417,11,5,0
11755,8,241,5,4,0
11233,14,652,49,0,1
12574,22,775,19,2,1
8704,15,970,45,1,1
13851,2,201,18,2,0
12686,21,511,27,2,1
12058,24,726,48,1,1
17830,9,303,6,2,0
8980,16,936,32,1,1
16087,23,622,20,0,1
14254,28,689,35,0,1
10951,3,277,5,5,0
19260,12,476,13,5,0
13201,13,840,20,1,1
12879,14,219,8,1,0
12254,27,652,16,1,1
14789,6,276,6,2,0
12045,26,1042,34,1,1
16305,8,308,17,5,0
11077,13,705,29,1,1
11926,19,936,44,1,1
15364,13,181,18,3,0
12367,29,916,38,1,1
14842,11,854,23,0,1
9721,21,875,35,2,1
11486,25,718,27,1,1
15711,19,400,19,1,1
10309,14,838,28,0,1
11621,21,937,21,2,1
13010,1,428,10,4,0
15623,10,473,8,4,0
10965,10,684,30,1,1
12281,11,1291,46,1,1
12116,20,870,25,2,1
15200,21,330,18,2,1
15853,16,685,43,1,1
9859,10,756,48,0,1
12278,22,552,23,0,1
13685,22,774,24,1,1
15790,11,701,22,0,1
15833,8,320,6,4,0
12727,10,743,20,1,1
13666,16,659,20,0,1
13684,22,732,41,0,1
9680,11,969,16,2,1
12481,29,812,23,2,1
15647,16,756,19,1,1
11481,26,870,48,2,1
12323,14,799,28,2,1
11393,20,578,24,1,1
6215,20,937,21,0,1
12051,20,675,34,2,1
12754,26,731,25,1,1
10718,28,497,27,2,1
9113,17,964,31,2,1
9798,29,824,47,0,1
13910,23,856,24,2,1
16931,19,962,48,2,1
15456,16,964,27,2,1
8639,11,659,39,0,1
14136,26,802,47,2,1
10342,10,782,24,1,1
10544,22,763,38,1,1
10845,28,639,19,0,1
13765,23,1085,24,0,1
14398,27,1002,41,0,1
11754,29,888,47,2,1
11772,12,222,6,1,0
13160,24,894,17,1,1
13419,23,739,45,1,1
14940,14,715,43,2,1
8789,25,877,35,2,1
12050,14,524,46,2,1
9329,22,973,42,2,1
14650,13,293,8,4,0
11434,24,1020,49,1,1
11883,14,899,44,0,1
10000,30,1190,31,2,1
8281,15,836,43,1,1
6763,22,931,16,1,1
11672,25,939,47,0,1
10922,19,622,18,1,1
10310,11,586,39,1,1
15306,22,613,19,2,1
9851,26,793,18,0,1
15542,10,798,43,2,1
16059,13,806,22,2,1
7122,27,898,34,0,1
12230,15,651,20,0,1
11000,21,967,46,2,1
5000,29,886,19,2,1
8388,22,1116,34,2,1
9854,2,384,13,5,0
17047,26,786,36,0,1
20049,1,399,19,2,0
16178,2,394,13,1,0
11946,14,857,43,1,1
16206,30,886,19,0,1
17370,21,986,24,2,1
10532,27,817,25,1,1
7000,18,1353,36,0,1
14099,12,462,10,5,0
15304,13,1097,35,0,1
11882,19,507,30,2,1
12458,10,603,16,0,1
7523,11,488,29,0,1
10117,18,614,40,2,1
11261,27,472,44,1,1
12519,25,821,16,1,1
11003,23,621,43,2,1
12034,14,347,8,3,0
10038,11,900,15,0,1
16429,9,569,18,4,0
12611,29,853,37,1,1
13530,14,929,40,1,1
9752,13,1038,45,1,1
